time_sec,speed_mph,distance_m
0,0,20
0.1,0,20
0.2,0,20
0.3,0,20
0.4,0,20
0.5,0,20
0.6,0,20
0.7,0,20
0.8,0,20
0.9,0,20
1,0,20
1.1,0,20
1.2,0,20
1.3,0,20
1.4,0,20
1.5,0,20
1.6,0,20
1.7,0,20
1.8,0,20
1.9,0,20
2,0,20
2.1,0,20
2.2,0,20
2.3,0,20
2.4,0,20
2.5,0,20
2.6,0,20
2.7,0,20
2.8,0,20
2.9,0.399587522,20
3,1.598350087,20.01786316
3.1,3.396493935,20.0893158
3.2,5.993812826,20.24115267
3.3,9.590100522,20.50910008
3.4,13.7857695,20.93781593
3.5,17.98143848,21.55409497
3.6,22.37690122,22.3579372
3.7,26.5725702,23.35827419
3.8,30.16885789,24.54617437
3.9,32.96597054,25.89484299
4,35.16370191,27.36855374
4.1,36.56225824,28.94051187
4.2,37.56122704,30.57499106
4.3,38.16060833,32.25412815
4.4,38.56019585,33.96005999
4.5,38.95978337,35.68385498
4.6,39.55916465,37.42551314
4.7,39.95875217,39.19396603
4.8,40.3583397,40.98028209
4.9,40.55813346,42.78446131
5,40.55813346,44.59757211
5.1,40.3583397,46.41068291
5.2,40.15854593,48.21486212
5.3,39.95875217,50.01010976
5.4,39.95875217,51.79642582
5.5,39.75895841,53.58274188
5.6,39.55916465,55.36012635
5.7,39.15957713,57.12857925
5.8,38.56019585,58.87916898
5.9,37.7610208,60.60296398
6,36.96184576,62.29103265
6.1,35.96287696,63.94337501
6.2,35.16370191,65.55105946
6.3,34.56432063,67.12301759
6.4,34.16473311,68.66818098
6.5,33.96493935,70.19548121
6.6,33.96493935,71.71384986
6.7,34.16473311,73.2322185
6.8,34.56432063,74.75951873
6.9,34.96390815,76.30468212
7,35.36349567,77.86770867
7.1,35.7630832,79.44859838
7.2,35.96287696,81.04735125
7.3,36.16267072,82.65503571
7.4,36.36246448,84.27165174
7.5,36.56225824,85.89719935
7.6,36.762052,87.53167854
7.7,37.16163952,89.17508931
7.8,37.56122704,90.83636325
7.9,37.96081457,92.51550034
8,38.36040209,94.2125006
8.1,38.75998961,95.92736401
8.2,38.95978337,97.66009059
8.3,38.95978337,99.40174874
8.4,38.95978337,101.1434069
8.5,38.75998961,102.8850651
8.6,38.56019585,104.6177916
8.7,38.36040209,106.3415866
8.8,37.96081457,108.05645
8.9,37.56122704,109.7534503
9,37.36143328,111.4325874
9.1,36.96184576,113.1027929
9.2,36.56225824,114.7551353
9.3,36.16267072,116.3896144
9.4,35.56328943,118.0062305
9.5,34.96390815,119.5960518
9.6,34.56432063,121.1590783
9.7,34.16473311,122.7042417
9.8,33.96493935,124.2315419
9.9,34.16473311,125.7499106
10,34.56432063,127.2772108
10.1,35.16370191,128.8223742
10.2,35.7630832,130.3943323
10.3,36.56225824,131.9930852
10.4,37.16163952,133.6275644
10.5,37.56122704,135.2888383
10.6,37.7610208,136.9679754
10.7,37.96081457,138.6560441
10.8,37.96081457,140.3530444
10.9,37.96081457,142.0500446
11,37.96081457,143.7470449
11.1,37.96081457,145.4440451
11.2,37.7610208,147.1410454
11.3,37.36143328,148.829114
11.4,36.762052,150.4993196
11.5,35.96287696,152.1427303
11.6,35.16370191,153.7504148
11.7,34.56432063,155.3223729
11.8,34.16473311,156.8675363
11.9,33.96493935,158.3948365
12,33.76514559,159.9132052
12.1,33.56535183,161.4226422
12.2,33.36555807,162.9231477
12.3,33.1657643,164.4147216
12.4,33.1657643,165.897364
12.5,33.36555807,167.3800063
12.6,33.56535183,168.8715802
12.7,33.76514559,170.3720857
12.8,33.96493935,171.8815228
12.9,33.96493935,173.3998914
13,33.96493935,174.9182601
13.1,33.96493935,176.4366287
13.2,33.96493935,177.9549974
13.3,34.16473311,179.473366
13.4,34.36452687,181.0006662
13.5,34.56432063,182.536898
13.6,34.76411439,184.0820614
13.7,34.96390815,185.6361564
13.8,34.96390815,187.199183
13.9,35.16370191,188.7622095
14,35.36349567,190.3341676
14.1,35.56328943,191.9150573
14.2,35.96287696,193.5048786
14.3,36.36246448,195.1125631
14.4,36.56225824,196.7381107
14.5,36.96184576,198.3725899
14.6,37.36143328,200.0249322
14.7,37.7610208,201.6951378
14.8,38.36040209,203.3832064
14.9,39.15957713,205.0980698
15,39.75895841,206.8486596
15.1,40.3583397,208.6260441
15.2,40.75792722,210.4302233
15.3,40.95772098,212.2522657
15.4,40.95772098,214.0832396
15.5,41.15751474,215.9142136
15.6,41.3573085,217.7541191
15.7,41.55710226,219.6029562
15.8,41.75689602,221.4607249
15.9,41.95668978,223.3274252
16,41.95668978,225.2030571
16.1,41.95668978,227.0786889
16.2,41.95668978,228.9543208
16.3,41.75689602,230.8299527
16.4,41.3573085,232.6966529
16.5,40.75792722,234.54549
16.6,40.15854593,236.3675324
16.7,39.55916465,238.1627801
16.8,39.15957713,239.931233
16.9,38.95978337,241.6818227
17,38.75998961,243.4234809
17.1,38.36040209,245.1562074
17.2,37.96081457,246.8710708
17.3,37.56122704,248.5680711
17.4,37.16163952,250.2472082
17.5,36.762052,251.9084821
17.6,36.36246448,253.5518929
17.7,35.96287696,255.1774405
17.8,35.56328943,256.785125
17.9,35.16370191,258.3749463
18,34.96390815,259.9469044
18.1,34.96390815,261.5099309
18.2,34.96390815,263.0729575
18.3,34.96390815,264.635984
18.4,34.96390815,266.1990106
18.5,35.16370191,267.7620371
18.6,35.36349567,269.3339953
18.7,35.56328943,270.914885
18.8,35.7630832,272.5047063
18.9,35.96287696,274.1034591
19,35.7630832,275.7111436
19.1,35.56328943,277.3098965
19.2,35.56328943,278.8997177
19.3,35.56328943,280.489539
19.4,35.56328943,282.0793603
19.5,35.7630832,283.6691816
19.6,35.96287696,285.2679345
19.7,35.96287696,286.8756189
19.8,35.96287696,288.4833034
19.9,35.96287696,290.0909878
20,36.16267072,291.6986723
20.1,36.36246448,293.3152883
20.2,36.56225824,294.9408359
20.3,36.762052,296.5753151
20.4,36.96184576,298.2187259
20.5,36.96184576,299.8710683
20.6,36.96184576,301.5234106
20.7,37.16163952,303.175753
20.8,37.36143328,304.8370269
20.9,37.56122704,306.5072324
21,37.7610208,308.1863695
21.1,37.96081457,309.8744382
21.2,38.16060833,311.5714384
21.3,38.36040209,313.2773703
21.4,38.56019585,314.9922337
21.5,38.75998961,316.7160287
21.6,38.95978337,318.4487553
21.7,39.15957713,320.1904134
21.8,39.55916465,321.9410031
21.9,39.95875217,323.709456
22,40.55813346,325.4957721
22.1,41.15751474,327.3088829
22.2,41.3573085,329.1487884
22.3,41.3573085,330.9976256
22.4,41.3573085,332.8464627
22.5,41.15751474,334.6952998
22.6,40.95772098,336.5352053
22.7,41.15751474,338.3661793
22.8,41.3573085,340.2060848
22.9,41.55710226,342.054922
23,41.75689602,343.9126907
23.1,42.15648354,345.7793909
23.2,42.3562773,347.6639544
23.3,42.55607107,349.5574494
23.4,42.75586483,351.459876
23.5,42.95565859,353.3712342
23.6,42.95565859,355.2915239
23.7,43.15545235,357.2118137
23.8,43.35524611,359.141035
23.9,43.35524611,361.079188
24,43.35524611,363.0173409
24.1,43.15545235,364.9554938
24.2,42.55607107,366.8847151
24.3,41.75689602,368.7871417
24.4,40.95772098,370.653842
24.5,40.15854593,372.484816
24.6,39.35937089,374.2800636
24.7,38.75998961,376.0395849
24.8,38.36040209,377.7723115
24.9,38.16060833,379.4871749
25,37.96081457,381.1931068
25.1,37.96081457,382.890107
25.2,37.7610208,384.5871073
25.3,37.56122704,386.2751759
25.4,37.36143328,387.954313
25.5,37.16163952,389.6245186
25.6,36.96184576,391.2857925
25.7,36.96184576,392.9381348
25.8,37.16163952,394.5904772
25.9,37.36143328,396.2517511
26,37.56122704,397.9219566
26.1,37.7610208,399.6010937
26.2,37.96081457,401.2891624
26.3,37.96081457,402.9861627
26.4,37.96081457,404.6831629
26.5,37.96081457,406.3801632
26.6,37.96081457,408.0771634
26.7,37.96081457,409.7741637
26.8,37.7610208,411.4711639
26.9,37.7610208,413.1592326
27,37.96081457,414.8473013
27.1,38.36040209,416.5443015
27.2,38.75998961,418.259165
27.3,39.35937089,419.9918915
27.4,39.75895841,421.7514128
27.5,39.95875217,423.5287973
27.6,39.95875217,425.3151134
27.7,39.95875217,427.1014294
27.8,39.95875217,428.8877455
27.9,39.95875217,430.6740615
28,40.15854593,432.4603776
28.1,40.55813346,434.2556252
28.2,40.95772098,436.068736
28.3,41.3573085,437.89971
28.4,41.75689602,439.7485471
28.5,41.95668978,441.6152474
28.6,41.95668978,443.4908793
28.7,41.95668978,445.3665111
28.8,41.95668978,447.242143
28.9,41.95668978,449.1177748
29,41.95668978,450.9934067
29.1,41.95668978,452.8690386
29.2,41.95668978,454.7446704
29.3,41.95668978,456.6203023
29.4,41.75689602,458.4959341
29.5,41.55710226,460.3626344
29.6,41.3573085,462.2204031
29.7,41.15751474,464.0692402
29.8,40.95772098,465.9091458
29.9,40.95772098,467.7401197
30,40.75792722,469.5710937
30.1,40.55813346,471.3931361
30.2,40.3583397,473.2062469
30.3,40.15854593,475.0104261
30.4,40.15854593,476.8056737
30.5,40.3583397,478.6009214
30.6,40.55813346,480.4051006
30.7,40.75792722,482.2182114
30.8,40.95772098,484.0402538
30.9,40.75792722,485.8712277
31,40.3583397,487.6932701
31.1,39.95875217,489.4974493
31.2,39.55916465,491.2837654
31.3,38.95978337,493.0522183
31.4,38.56019585,494.7938764
31.5,38.36040209,496.5176714
31.6,38.16060833,498.2325348
31.7,38.16060833,499.9384667
31.8,38.36040209,501.6443985
31.9,38.56019585,503.3592619
32,38.75998961,505.0830569
32.1,39.15957713,506.8157835
32.2,39.35937089,508.5663732
32.3,39.55916465,510.3258945
32.4,39.95875217,512.0943474
32.5,40.3583397,513.8806635
32.6,40.55813346,515.6848427
32.7,40.75792722,517.4979535
32.8,40.95772098,519.3199959
32.9,40.95772098,521.1509698
33,40.95772098,522.9819438
33.1,40.95772098,524.8129178
33.2,40.95772098,526.6438917
33.3,40.95772098,528.4748657
33.4,40.75792722,530.3058396
33.5,40.3583397,532.127882
33.6,39.75895841,533.9320612
33.7,39.15957713,535.7094457
33.8,38.36040209,537.4600354
33.9,37.7610208,539.1748989
34,37.16163952,540.8629675
34.1,36.56225824,542.5242415
34.2,35.7630832,544.1587207
34.3,34.96390815,545.7574735
34.4,33.96493935,547.3205001
34.5,33.1657643,548.8388687
34.6,32.56638302,550.3215111
34.7,32.1667955,551.7773586
34.8,31.96700174,553.2153431
34.9,31.96700174,554.6443959
35,31.96700174,556.0734488
35.1,31.96700174,557.5025016
35.2,31.76720798,558.9315545
35.3,31.56741422,560.3516757
35.4,31.36762046,561.7628654
35.5,31.1678267,563.1651235
35.6,30.96803293,564.55845
35.7,30.96803293,565.942845
35.8,30.76823917,567.3272399
35.9,30.36865165,568.7027033
36,29.76927037,570.0603035
36.1,28.77030157,571.391109
36.2,27.571539,572.6772565
36.3,26.5725702,573.9098146
36.4,25.77339515,575.0977148
36.5,25.17401387,576.2498886
36.6,25.17401387,577.3752677
36.7,25.57360139,578.5006469
36.8,26.17298267,579.6438891
36.9,26.97215772,580.8139262
37,27.97112652,582.0196895
37.1,28.97009533,583.2701107
37.2,29.76927037,584.5651899
37.3,30.36865165,585.8959953
37.4,30.76823917,587.2535955
37.5,30.96803293,588.6290589
37.6,31.1678267,590.0134538
37.7,31.36762046,591.4067804
37.8,31.76720798,592.8090385
37.9,32.1667955,594.2291597
38,32.56638302,595.6671442
38.1,32.76617678,597.1229918
38.2,32.96597054,598.5877709
38.3,32.96597054,600.0614817
38.4,32.96597054,601.5351924
38.5,32.96597054,603.0089032
38.6,32.96597054,604.4826139
38.7,32.76617678,605.9563247
38.8,32.36658926,607.4211038
38.9,31.96700174,608.8680198
39,31.36762046,610.2970727
39.1,30.56844541,611.6993308
39.2,29.76927037,613.0658626
39.3,28.97009533,614.396668
39.4,27.97112652,615.6917472
39.5,27.17195148,616.9421684
39.6,26.5725702,618.1568633
39.7,26.37277643,619.3447635
39.8,26.5725702,620.5237321
39.9,26.97215772,621.7116323
40,27.37174524,622.9173956
40.1,27.97112652,624.1410221
40.2,28.37071404,625.3914434
40.3,28.77030157,626.6597278
40.4,29.36968285,627.9458753
40.5,30.16885789,629.2588176
40.6,30.96803293,630.6074862
40.7,31.96700174,631.9918812
40.8,32.96597054,633.420934
40.9,33.96493935,634.8946448
41,34.76411439,636.4130134
41.1,35.36349567,637.9671084
41.2,35.7630832,639.5479981
41.3,36.16267072,641.146751
41.4,36.56225824,642.763367
41.5,37.16163952,644.3978462
41.6,37.7610208,646.0591201
41.7,38.56019585,647.7471888
41.8,39.15957713,649.4709838
41.9,39.75895841,651.2215735
42,40.3583397,652.998958
42.1,41.15751474,654.8031372
42.2,41.75689602,656.6430428
42.3,42.55607107,658.5097431
42.4,43.35524611,660.4121697
42.5,44.15442115,662.3503226
42.6,44.9535962,664.3242018
42.7,45.952565,666.3338074
42.8,46.9515338,668.3880709
42.9,47.95050261,670.4869922
43,48.94947141,672.6305715
43.1,49.94844022,674.8188087
43.2,50.94740902,677.0517037
43.3,51.94637783,679.3292567
43.4,52.94534663,681.6514676
43.5,53.94431543,684.0183364
43.6,54.94328424,686.429863
43.7,55.74245928,688.8860476
43.8,56.34184057,691.3779585
43.9,56.94122185,693.8966642
44,57.34080937,696.4421645
44.1,57.54060313,699.0055281
44.2,57.74039689,701.5778232
44.3,58.13998441,704.1590499
44.4,58.33977817,706.7581398
44.5,58.7393657,709.3661612
44.6,59.13895322,711.9920458
44.7,59.53854074,714.6357936
44.8,59.7383345,717.2974045
44.9,59.7383345,719.967947
45,59.33874698,722.6384895
45.1,58.7393657,725.2911689
45.2,57.94019065,727.9170535
45.3,56.94122185,730.5072117
45.4,56.1420468,733.0527121
45.5,55.34287176,735.5624862
45.6,54.74349048,738.0365339
45.7,54.1441092,740.4837869
45.8,53.74452167,742.9042452
45.9,53.34493415,745.3068403
46,53.14514039,747.6915722
46.1,52.94534663,750.0673726
46.2,52.94534663,752.4342413
46.3,53.14514039,754.8011101
46.4,53.34493415,757.1769105
46.5,53.54472791,759.5616424
46.6,53.74452167,761.9553059
46.7,53.94431543,764.357901
46.8,53.94431543,766.7694277
46.9,53.94431543,769.1809544
47,53.94431543,771.5924811
47.1,53.94431543,774.0040077
47.2,53.94431543,776.4155344
47.3,53.94431543,778.8270611
47.4,53.94431543,781.2385878
47.5,53.94431543,783.6501144
47.6,53.94431543,786.0616411
47.7,53.94431543,788.4731678
47.8,53.94431543,790.8846945
47.9,54.1441092,793.2962212
48,54.34390296,795.7166794
48.1,54.54369672,798.1460692
48.2,54.54369672,800.5843907
48.3,54.54369672,803.0227121
48.4,54.1441092,805.4610335
48.5,53.74452167,807.8814918
48.6,53.14514039,810.2840869
48.7,52.54575911,812.6598872
48.8,51.94637783,815.0088928
48.9,51.34699654,817.3311037
49,50.5478215,819.6265198
49.1,49.94844022,821.8862096
49.2,49.34905893,824.1191047
49.3,48.74967765,826.3252051
49.4,48.35009013,828.5045106
49.5,48.15029637,830.6659531
49.6,47.95050261,832.8184639
49.7,47.95050261,834.9620432
49.8,47.95050261,837.1056225
49.9,47.75070885,839.2492017
50,47.55091509,841.3838494
50.1,47.15132757,843.5095655
50.2,46.55194628,845.6174185
50.3,45.75277124,847.6984767
50.4,44.9535962,849.7438086
50.5,43.75483363,851.7534141
50.6,42.3562773,853.7094302
50.7,40.95772098,855.6029252
50.8,39.55916465,857.4338992
50.9,38.16060833,859.2023521
51,36.96184576,860.9082839
51.1,35.96287696,862.5606263
51.2,34.76411439,864.1683107
51.3,33.36555807,865.7224057
51.4,31.96700174,867.2139796
51.5,30.56844541,868.6430324
51.6,29.36968285,870.0095642
51.7,28.5705078,871.3225065
51.8,28.37071404,872.5997225
51.9,28.37071404,873.8680069
52,28.5705078,875.1362913
52.1,28.97009533,876.4135073
52.2,29.36968285,877.7085864
52.3,29.56947661,879.0215287
52.4,29.96906413,880.3434026
52.5,30.36865165,881.6831397
52.6,30.56844541,883.0407399
52.7,30.76823917,884.4072717
52.8,30.76823917,885.782735
52.9,30.56844541,887.1581984
53,30.36865165,888.5247302
53.1,30.16885789,889.8823304
53.2,29.96906413,891.230999
53.3,29.96906413,892.570736
53.4,29.76927037,893.9104731
53.5,29.36968285,895.2412785
53.6,28.77030157,896.5542208
53.7,28.17092028,897.8403684
53.8,27.571539,899.0997212
53.9,27.37174524,900.3322793
54,27.571539,901.5559058
54.1,28.17092028,902.7884639
54.2,28.97009533,904.0478167
54.3,29.76927037,905.3428958
54.4,30.56844541,906.6737013
54.5,31.36762046,908.0402331
54.6,31.96700174,909.4424912
54.7,32.36658926,910.871544
54.8,32.76617678,912.31846
54.9,32.96597054,913.7832392
55,32.96597054,915.25695
55.1,32.96597054,916.7306607
55.2,32.96597054,918.2043715
55.3,32.96597054,919.6780822
55.4,32.96597054,921.1517929
55.5,32.96597054,922.6255037
55.6,32.96597054,924.0992144
55.7,32.96597054,925.5729252
55.8,32.96597054,927.0466359
55.9,32.96597054,928.5203467
56,32.96597054,929.9940574
56.1,32.96597054,931.4677682
56.2,32.96597054,932.9414789
56.3,32.96597054,934.4151897
56.4,32.96597054,935.8889004
56.5,32.96597054,937.3626112
56.6,33.1657643,938.8363219
56.7,33.36555807,940.3189642
56.8,33.56535183,941.8105381
56.9,33.56535183,943.3110436
57,33.56535183,944.8115491
57.1,33.1657643,946.3120546
57.2,32.56638302,947.7946969
57.3,31.76720798,949.2505445
57.4,31.1678267,950.6706658
57.5,30.56844541,952.0639923
57.6,30.16885789,953.4305241
57.7,29.96906413,954.7791927
57.8,29.96906413,956.1189298
57.9,29.96906413,957.4586668
58,29.96906413,958.7984038
58.1,29.96906413,960.1381409
58.2,29.76927037,961.4778779
58.3,29.36968285,962.8086834
58.4,28.97009533,964.1216257
58.5,28.37071404,965.4167048
58.6,27.571539,966.6849892
58.7,26.77236396,967.9175473
58.8,25.97318891,969.1143791
58.9,24.97422011,970.2754845
59,24.17504507,971.3919321
59.1,23.57566378,972.4726533
59.2,23.37587002,973.5265797
59.3,23.57566378,974.5715746
59.4,23.9752513,975.6255011
59.5,24.37483883,976.6972907
59.6,24.77442635,977.7869435
59.7,24.97422011,978.8944595
59.8,24.97422011,980.010907
59.9,24.97422011,981.1273546
60,24.97422011,982.2438021
60.1,24.97422011,983.3602496
60.2,24.97422011,984.4766972
60.3,25.17401387,985.5931447
60.4,25.37380763,986.7185238
60.5,25.57360139,987.8528345
60.6,25.97318891,988.9960768
60.7,26.5725702,990.1571822
60.8,27.17195148,991.3450824
60.9,27.77133276,992.5597773
61,28.37071404,993.801267
61.1,28.77030157,995.0695514
61.2,29.16988909,996.355699
61.3,29.76927037,997.6597097
61.4,30.56844541,998.9905151
61.5,31.56741422,1000.357047
61.6,32.76617678,1001.768237
61.7,33.96493935,1003.233016
61.8,34.96390815,1004.751384
61.9,35.96287696,1006.314411
62,36.96184576,1007.922095
62.1,37.7610208,1009.574438
62.2,38.36040209,1011.262506
62.3,38.95978337,1012.97737
62.4,39.35937089,1014.719028
62.5,39.55916465,1016.478549
62.6,39.75895841,1018.247002
62.7,40.15854593,1020.024387
62.8,40.55813346,1021.819634
62.9,41.15751474,1023.632745
63,41.75689602,1025.472651
63.1,42.3562773,1027.339351
63.2,42.55607107,1029.232846
63.3,42.55607107,1031.135273
63.4,42.3562773,1033.037699
63.5,42.15648354,1034.931194
63.6,41.95668978,1036.815758
63.7,41.75689602,1038.69139
63.8,41.55710226,1040.55809
63.9,41.3573085,1042.415858
64,40.95772098,1044.264696
64.1,40.55813346,1046.09567
64.2,40.3583397,1047.90878
64.3,40.15854593,1049.71296
64.4,39.75895841,1051.508207
64.5,39.55916465,1053.285592
64.6,39.35937089,1055.054045
64.7,38.95978337,1056.813566
64.8,38.56019585,1058.555224
64.9,38.36040209,1060.279019
65,37.96081457,1061.993882
65.1,37.56122704,1063.690883
65.2,37.36143328,1065.37002
65.3,36.96184576,1067.040225
65.4,36.36246448,1068.692568
65.5,35.56328943,1070.318115
65.6,34.16473311,1071.907937
65.7,32.1667955,1073.435237
65.8,29.76927037,1074.873221
65.9,26.97215772,1076.204027
66,23.77545754,1077.40979
66.1,20.37896361,1078.472648
66.2,16.98246967,1079.383669
66.3,13.58597574,1080.142854
66.4,10.38927557,1080.750201
66.5,7.791956674,1081.214643
66.6,5.794019065,1081.562975
66.7,4.195668978,1081.821991
66.8,2.996906413,1082.009554
66.9,1.997937609,1082.143528
67,1.198762565,1082.232843
67.1,0.599381283,1082.286433
67.2,0.199793761,1082.313228
67.3,0,1082.322159
67.4,0.199793761,1082.322159
67.5,0.399587522,1082.331091
67.6,0.799175043,1082.348954
67.7,1.398556326,1082.38468
67.8,2.39752513,1082.447201
67.9,3.596287696,1082.55438
68,5.194637783,1082.715149
68.1,6.99278163,1082.94737
68.2,8.990719239,1083.259975
68.3,11.18845061,1083.661896
68.4,13.38618198,1084.162065
68.5,15.58391335,1084.760481
68.6,17.58185096,1085.457144
68.7,19.77958233,1086.243123
68.8,21.9773137,1087.127349
68.9,24.37483883,1088.109823
69,26.97215772,1089.199476
69.1,29.96906413,1090.405239
69.2,32.76617678,1091.744976
69.3,35.36349567,1093.209756
69.4,37.7610208,1094.790645
69.5,39.95875217,1096.478714
69.6,41.95668978,1098.26503
69.7,43.95462739,1100.140662
69.8,45.75277124,1102.10561
69.9,47.35112133,1104.150941
70,48.74967765,1106.267726
70.1,49.94844022,1108.447032
70.2,50.94740902,1110.679927
70.3,51.74658407,1112.95748
70.4,52.54575911,1115.270759
70.5,53.14514039,1117.619764
70.6,53.74452167,1119.995565
70.7,54.34390296,1122.39816
70.8,55.34287176,1124.82755
70.9,56.34184057,1127.301598
71,57.54060313,1129.820303
71.1,58.53957193,1132.392598
71.2,59.33874698,1135.009551
71.3,59.7383345,1137.662231
71.4,59.93812826,1140.332773
71.5,59.93812826,1143.012247
71.6,59.93812826,1145.691721
71.7,59.93812826,1148.371195
71.8,59.93812826,1151.05067
71.9,59.93812826,1153.730144
72,59.93812826,1156.409618
72.1,59.93812826,1159.089092
72.2,59.93812826,1161.768566
72.3,59.93812826,1164.44804
72.4,59.93812826,1167.127514
72.5,59.93812826,1169.806988
72.6,60.13792202,1172.486462
72.7,60.33771578,1175.174868
72.8,60.53750954,1177.872205
72.9,60.7373033,1180.578474
73,60.93709707,1183.293674
73.1,60.93709707,1186.017806
73.2,60.93709707,1188.741938
73.3,60.93709707,1191.46607
73.4,60.93709707,1194.190202
73.5,60.93709707,1196.914334
73.6,60.93709707,1199.638466
73.7,60.93709707,1202.362598
73.8,60.93709707,1205.08673
73.9,60.93709707,1207.810862
74,60.93709707,1210.534994
74.1,61.13689083,1213.259126
74.2,61.53647835,1215.99219
74.3,61.93606587,1218.743116
74.4,62.33565339,1221.511906
74.5,62.73524091,1224.298559
74.6,62.93503467,1227.103076
74.7,62.93503467,1229.916523
74.8,62.93503467,1232.729971
74.9,62.93503467,1235.543419
75,62.93503467,1238.356867
75.1,62.93503467,1241.170315
75.2,62.93503467,1243.983762
75.3,62.93503467,1246.79721
75.4,62.93503467,1249.610658
75.5,63.13482843,1252.424106
75.6,63.53441596,1255.246485
75.7,64.13379724,1258.086728
75.8,64.93297228,1260.953765
75.9,65.93194109,1263.856529
76,66.93090989,1266.80395
76.1,67.9298787,1269.796029
76.2,68.9288475,1272.832767
76.3,69.9278163,1275.914162
76.4,70.72699135,1279.040215
76.5,71.52616639,1282.201994
76.6,72.12554767,1285.3995
76.7,72.5251352,1288.623801
76.8,72.72492896,1291.865964
76.9,72.92472272,1295.11706
77,72.92472272,1298.377086
77.1,72.72492896,1301.637113
77.2,72.5251352,1304.888208
77.3,72.32534143,1308.130372
77.4,71.92575391,1311.363604
77.5,71.52616639,1314.578973
77.6,71.32637263,1317.776479
77.7,70.92678511,1320.965053
77.8,70.32740383,1324.135764
77.9,69.9278163,1327.27968
78,69.52822878,1330.405733
78.1,69.12864126,1333.513923
78.2,68.9288475,1336.60425
78.3,69.12864126,1339.685645
78.4,69.32843502,1342.775972
78.5,69.52822878,1345.87523
78.6,69.9278163,1348.98342
78.7,70.32740383,1352.109473
78.8,70.72699135,1355.25339
78.9,71.12657887,1358.415169
79,71.52616639,1361.594812
79.1,71.72596015,1364.792317
79.2,71.92575391,1367.998755
79.3,71.92575391,1371.214124
79.4,71.92575391,1374.429492
79.5,71.92575391,1377.644861
79.6,71.92575391,1380.86023
79.7,71.92575391,1384.075599
79.8,71.72596015,1387.290968
79.9,71.52616639,1390.497405
80,71.32637263,1393.694911
80.1,71.12657887,1396.883485
80.2,70.92678511,1400.063128
80.3,70.92678511,1403.233839
80.4,70.92678511,1406.40455
80.5,70.92678511,1409.575261
80.6,70.92678511,1412.745972
80.7,70.92678511,1415.916683
80.8,71.12657887,1419.087394
80.9,71.32637263,1422.267036
81,71.72596015,1425.455611
81.1,72.12554767,1428.662048
81.2,72.72492896,1431.886348
81.3,73.12451648,1435.137444
81.4,73.524104,1438.406402
81.5,73.72389776,1441.693224
81.6,73.92369152,1444.988977
81.7,73.92369152,1448.293661
81.8,73.92369152,1451.598346
81.9,73.92369152,1454.903031
82,73.72389776,1458.207716
82.1,73.524104,1461.503469
82.2,73.32431024,1464.79029
82.3,73.12451648,1468.06818
82.4,73.12451648,1471.337139
82.5,73.32431024,1474.606097
82.6,73.524104,1477.883987
82.7,73.72389776,1481.170808
82.8,73.92369152,1484.466562
82.9,73.92369152,1487.771246
83,73.92369152,1491.075931
83.1,73.92369152,1494.380616
83.2,73.92369152,1497.6853
83.3,73.92369152,1500.989985
83.4,73.92369152,1504.29467
83.5,73.92369152,1507.599355
83.6,73.92369152,1510.904039
83.7,73.92369152,1514.208724
83.8,73.92369152,1517.513409
83.9,73.92369152,1520.818093
84,73.92369152,1524.122778
84.1,73.72389776,1527.427463
84.2,73.32431024,1530.723216
84.3,72.92472272,1534.001106
84.4,72.5251352,1537.261133
84.5,72.12554767,1540.503296
84.6,71.92575391,1543.727597
84.7,71.92575391,1546.942966
84.8,71.92575391,1550.158335
84.9,71.92575391,1553.373703
85,71.92575391,1556.589072
85.1,71.92575391,1559.804441
85.2,71.72596015,1563.01981
85.3,71.52616639,1566.226248
85.4,71.32637263,1569.423753
85.5,71.12657887,1572.612327
85.6,70.92678511,1575.79197
85.7,70.92678511,1578.962681
85.8,70.92678511,1582.133392
85.9,70.72699135,1585.304103
86,70.52719759,1588.465882
86.1,70.32740383,1591.61873
86.2,69.9278163,1594.762647
86.3,69.52822878,1597.8887
86.4,69.32843502,1600.99689
86.5,69.12864126,1604.096148
86.6,69.12864126,1607.186475
86.7,69.52822878,1610.276801
86.8,69.9278163,1613.384991
86.9,70.32740383,1616.511045
87,70.72699135,1619.654961
87.1,70.92678511,1622.81674
87.2,70.92678511,1625.987451
87.3,70.92678511,1629.158162
87.4,70.92678511,1632.328873
87.5,70.92678511,1635.499584
87.6,70.92678511,1638.670295
87.7,70.92678511,1641.841006
87.8,70.92678511,1645.011717
87.9,70.92678511,1648.182428
88,70.92678511,1651.353139
88.1,70.92678511,1654.52385
88.2,70.92678511,1657.694561
88.3,70.92678511,1660.865272
88.4,70.92678511,1664.035983
88.5,70.92678511,1667.206694
88.6,70.92678511,1670.377405
88.7,70.92678511,1673.548116
88.8,70.92678511,1676.718827
88.9,70.92678511,1679.889538
89,70.92678511,1683.060249
89.1,70.92678511,1686.23096
89.2,70.92678511,1689.401671
89.3,70.92678511,1692.572382
89.4,71.12657887,1695.743093
89.5,71.32637263,1698.922736
89.6,71.72596015,1702.11131
89.7,72.12554767,1705.317747
89.8,72.5251352,1708.542048
89.9,72.72492896,1711.784211
90,73.12451648,1715.035307
90.1,73.12451648,1718.304265
90.2,73.12451648,1721.573223
90.3,73.12451648,1724.842182
90.4,73.12451648,1728.11114
90.5,72.92472272,1731.380099
90.6,72.92472272,1734.640125
90.7,72.92472272,1737.900152
90.8,72.92472272,1741.160179
90.9,72.92472272,1744.420206
91,72.92472272,1747.680233
91.1,72.92472272,1750.940259
91.2,72.92472272,1754.200286
91.3,72.92472272,1757.460313
91.4,73.12451648,1760.72034
91.5,73.32431024,1763.989298
91.6,73.72389776,1767.267188
91.7,74.12348528,1770.562941
91.8,74.5230728,1773.876558
91.9,74.72286657,1777.208037
92,75.12245409,1780.548448
92.1,75.52204161,1783.906722
92.2,75.92162913,1787.28286
92.3,76.32121665,1790.67686
92.4,76.72080417,1794.088724
92.5,76.92059793,1797.518451
92.6,76.92059793,1800.957109
92.7,76.92059793,1804.395767
92.8,76.92059793,1807.834426
92.9,76.92059793,1811.273084
93,76.92059793,1814.711743
93.1,76.72080417,1818.150401
93.2,76.32121665,1821.580128
93.3,75.72183537,1824.991992
93.4,75.12245409,1828.37706
93.5,74.5230728,1831.735335
93.6,74.12348528,1835.066814
93.7,73.92369152,1838.38043
93.8,73.92369152,1841.685115
93.9,73.92369152,1844.9898
94,73.92369152,1848.294485
94.1,73.92369152,1851.599169
94.2,73.92369152,1854.903854
94.3,73.92369152,1858.208539
94.4,73.92369152,1861.513223
94.5,73.92369152,1864.817908
94.6,73.92369152,1868.122593
94.7,73.92369152,1871.427277
94.8,73.92369152,1874.731962
94.9,73.92369152,1878.036647
95,73.92369152,1881.341332
95.1,73.92369152,1884.646016
95.2,74.12348528,1887.950701
95.3,74.5230728,1891.264317
95.4,74.92266033,1894.595797
95.5,75.32224785,1897.945139
95.6,75.72183537,1901.312345
95.7,75.72183537,1904.697414
95.8,75.32224785,1908.082483
95.9,74.92266033,1911.449689
96,74.32327904,1914.799031
96.1,73.524104,1918.121579
96.2,72.72492896,1921.408401
96.3,72.12554767,1924.659496
96.4,71.52616639,1927.883796
96.5,71.12657887,1931.081302
96.6,70.72699135,1934.260945
96.7,70.32740383,1937.422724
96.8,69.9278163,1940.56664
96.9,69.32843502,1943.692694
97,68.52925998,1946.791952
97.1,67.73008493,1949.855484
97.2,67.13070365,1952.88329
97.3,66.53132237,1955.884301
97.4,66.13173485,1958.858517
97.5,65.93194109,1961.81487
97.6,66.13173485,1964.762291
97.7,66.33152861,1967.718645
97.8,66.53132237,1970.683929
97.9,66.73111613,1973.658145
98,66.93090989,1976.641293
98.1,67.13070365,1979.633373
98.2,67.33049741,1982.634384
98.3,67.53029117,1985.644326
98.4,67.9298787,1988.6632
98.5,68.32946622,1991.699938
98.6,68.52925998,1994.754538
98.7,68.72905374,1997.81807
98.8,68.9288475,2000.890534
98.9,68.9288475,2003.971929
99,68.9288475,2007.053324
99.1,68.9288475,2010.134719
99.2,68.9288475,2013.216115
99.3,68.9288475,2016.29751
99.4,69.12864126,2019.378905
99.5,69.32843502,2022.469232
99.6,69.52822878,2025.56849
99.7,69.72802254,2028.67668
99.8,70.12761007,2031.793801
99.9,70.32740383,2034.928786
100,70.52719759,2038.072702
100.1,70.72699135,2041.22555
100.2,70.92678511,2044.38733
100.3,70.92678511,2047.558041
100.4,70.92678511,2050.728752
100.5,71.12657887,2053.899463
100.6,71.32637263,2057.079105
100.7,71.52616639,2060.267679
100.8,71.92575391,2063.465185
100.9,72.32534143,2066.680554
101,72.5251352,2069.913786
101.1,72.72492896,2073.15595
101.2,73.12451648,2076.407045
101.3,73.32431024,2079.676003
101.4,73.524104,2082.953893
101.5,73.72389776,2086.240715
101.6,73.92369152,2089.536468
101.7,73.92369152,2092.841153
101.8,73.92369152,2096.145837
101.9,73.92369152,2099.450522
102,73.92369152,2102.755207
102.1,73.92369152,2106.059892
102.2,73.72389776,2109.364576
102.3,73.524104,2112.660329
102.4,73.32431024,2115.947151
102.5,73.12451648,2119.225041
102.6,72.92472272,2122.493999
102.7,72.92472272,2125.754026
102.8,72.92472272,2129.014053
102.9,72.92472272,2132.27408
103,73.12451648,2135.534107
103.1,73.524104,2138.803065
103.2,73.92369152,2142.089886
103.3,74.32327904,2145.394571
103.4,74.92266033,2148.717119
103.5,75.32224785,2152.066462
103.6,75.52204161,2155.433667
103.7,75.72183537,2158.809805
103.8,75.92162913,2162.194874
103.9,75.92162913,2165.588874
104,75.92162913,2168.982875
104.1,75.92162913,2172.376875
104.2,75.92162913,2175.770876
104.3,75.92162913,2179.164876
104.4,75.72183537,2182.558877
104.5,75.32224785,2185.943946
104.6,74.92266033,2189.311151
104.7,74.5230728,2192.660494
104.8,74.12348528,2195.991973
104.9,73.92369152,2199.30559
105,73.92369152,2202.610274
105.1,74.12348528,2205.914959
105.2,74.32327904,2209.228575
105.3,74.5230728,2212.551123
105.4,74.72286657,2215.882603
105.5,74.92266033,2219.223014
105.6,74.92266033,2222.572356
105.7,74.92266033,2225.921699
105.8,74.92266033,2229.271042
105.9,74.92266033,2232.620384
106,74.92266033,2235.969727
106.1,74.92266033,2239.319069
106.2,75.12245409,2242.668412
106.3,75.12245409,2246.026686
106.4,74.92266033,2249.38496
106.5,74.72286657,2252.734303
106.6,74.5230728,2256.074714
106.7,74.12348528,2259.406194
106.8,73.92369152,2262.71981
106.9,73.92369152,2266.024494
107,73.92369152,2269.329179
107.1,73.92369152,2272.633864
107.2,73.92369152,2275.938549
107.3,73.92369152,2279.243233
107.4,73.92369152,2282.547918
107.5,73.92369152,2285.852603
107.6,73.92369152,2289.157287
107.7,73.72389776,2292.461972
107.8,73.524104,2295.757725
107.9,73.32431024,2299.044547
108,73.12451648,2302.322437
108.1,72.92472272,2305.591395
108.2,72.92472272,2308.851422
108.3,72.92472272,2312.111449
108.4,72.92472272,2315.371476
108.5,72.92472272,2318.631502
108.6,72.92472272,2321.891529
108.7,72.92472272,2325.151556
108.8,72.92472272,2328.411583
108.9,72.92472272,2331.67161
109,72.92472272,2334.931636
109.1,72.92472272,2338.191663
109.2,72.92472272,2341.45169
109.3,72.92472272,2344.711717
109.4,72.72492896,2347.971744
109.5,72.5251352,2351.222839
109.6,72.12554767,2354.465002
109.7,71.72596015,2357.689303
109.8,71.32637263,2360.89574
109.9,71.12657887,2364.084314
110,70.92678511,2367.263957
110.1,70.92678511,2370.434668
110.2,70.92678511,2373.605379
110.3,70.92678511,2376.77609
110.4,70.92678511,2379.946801
110.5,70.92678511,2383.117512
110.6,70.92678511,2386.288223
110.7,70.92678511,2389.458934
110.8,70.92678511,2392.629645
110.9,70.92678511,2395.800356
111,70.92678511,2398.971067
111.1,70.92678511,2402.141778
111.2,70.72699135,2405.312489
111.3,70.52719759,2408.474268
111.4,70.32740383,2411.627116
111.5,70.12761007,2414.771033
111.6,69.9278163,2417.906017
111.7,70.12761007,2421.03207
111.8,70.32740383,2424.167055
111.9,70.52719759,2427.310971
112,70.72699135,2430.463819
112.1,70.92678511,2433.625599
112.2,70.92678511,2436.79631
112.3,70.92678511,2439.967021
112.4,70.92678511,2443.137732
112.5,70.92678511,2446.308443
112.6,70.92678511,2449.479154
112.7,71.12657887,2452.649865
112.8,71.32637263,2455.829507
112.9,71.52616639,2459.018081
113,71.92575391,2462.215587
113.1,72.32534143,2465.430956
113.2,72.5251352,2468.664188
113.3,72.72492896,2471.906352
113.4,72.92472272,2475.157447
113.5,72.92472272,2478.417474
113.6,72.92472272,2481.677501
113.7,72.92472272,2484.937527
113.8,72.92472272,2488.197554
113.9,72.92472272,2491.457581
114,72.92472272,2494.717608
114.1,72.92472272,2497.977635
114.2,72.72492896,2501.237661
114.3,72.32534143,2504.488757
114.4,71.72596015,2507.721989
114.5,70.92678511,2510.928426
114.6,69.9278163,2514.099137
114.7,69.12864126,2517.22519
114.8,68.32946622,2520.315517
114.9,67.73008493,2523.370117
115,67.33049741,2526.397923
115.1,66.93090989,2529.407866
115.2,66.33152861,2532.399945
115.3,65.73214733,2535.36523
115.4,65.13276604,2538.30372
115.5,64.333591,2541.215415
115.6,63.73420972,2544.091384
115.7,63.3346222,2546.940558
115.8,63.13482843,2549.771869
115.9,62.93503467,2552.594248
116,62.93503467,2555.407696
116.1,62.93503467,2558.221144
116.2,62.93503467,2561.034591
116.3,62.93503467,2563.848039
116.4,62.73524091,2566.661487
116.5,62.53544715,2569.466003
116.6,62.33565339,2572.261588
116.7,62.13585963,2575.048241
116.8,61.93606587,2577.825962
116.9,61.73627211,2580.594752
117,61.53647835,2583.35461
117.1,61.33668459,2586.105537
117.2,61.13689083,2588.847532
117.3,60.93709707,2591.580596
117.4,60.93709707,2594.304728
117.5,60.93709707,2597.02886
117.6,60.93709707,2599.752992
117.7,60.93709707,2602.477124
117.8,60.93709707,2605.201256
117.9,60.93709707,2607.925388
118,60.93709707,2610.64952
118.1,60.93709707,2613.373652
118.2,60.93709707,2616.097784
118.3,60.93709707,2618.821916
118.4,60.7373033,2621.546048
118.5,60.53750954,2624.261248
118.6,60.13792202,2626.967517
118.7,59.53854074,2629.655923
118.8,58.7393657,2632.317534
118.9,58.13998441,2634.943418
119,57.54060313,2637.542508
119.1,57.14101561,2640.114803
119.2,56.94122185,2642.669235
119.3,56.74142809,2645.214736
119.4,56.54163433,2647.751304
119.5,56.34184057,2650.278942
119.6,56.1420468,2652.797647
119.7,55.94225304,2655.307421
119.8,55.94225304,2657.808264
119.9,55.94225304,2660.309106
120,55.74245928,2662.809949
120.1,55.34287176,2665.30186
120.2,54.74349048,2667.775907
120.3,54.1441092,2670.22316
120.4,53.54472791,2672.643619
120.5,53.14514039,2675.037282
120.6,53.14514039,2677.413082
120.7,53.54472791,2679.788883
120.8,54.1441092,2682.182546
120.9,54.74349048,2684.603005
121,55.34287176,2687.050258
121.1,55.74245928,2689.524305
121.2,55.74245928,2692.016216
121.3,55.54266552,2694.508127
121.4,55.34287176,2696.991106
121.5,55.143078,2699.465154
121.6,54.94328424,2701.93027
121.7,55.143078,2704.386455
121.8,55.54266552,2706.851571
121.9,55.94225304,2709.33455
122,56.34184057,2711.835393
122.1,56.74142809,2714.354099
122.2,56.94122185,2716.890667
122.3,56.74142809,2719.436168
122.4,56.54163433,2721.972737
122.5,56.34184057,2724.500374
122.6,56.34184057,2727.019079
122.7,56.54163433,2729.537785
122.8,56.94122185,2732.065422
122.9,57.34080937,2734.610923
123,57.54060313,2737.174286
123.1,57.54060313,2739.746581
123.2,57.34080937,2742.318876
123.3,56.94122185,2744.88224
123.4,56.54163433,2747.42774
123.5,56.34184057,2749.955378
123.6,56.1420468,2752.474083
123.7,55.94225304,2754.983857
123.8,55.94225304,2757.4847
123.9,55.94225304,2759.985542
124,56.1420468,2762.486385
124.1,56.34184057,2764.996159
124.2,56.54163433,2767.514864
124.3,56.74142809,2770.042502
124.4,56.94122185,2772.57907
124.5,56.94122185,2775.124571
124.6,56.94122185,2777.670071
124.7,56.94122185,2780.215572
124.8,56.94122185,2782.761072
124.9,56.94122185,2785.306572
125,56.94122185,2787.852073
125.1,56.94122185,2790.397573
125.2,56.94122185,2792.943073
125.3,56.94122185,2795.488574
125.4,56.94122185,2798.034074
125.5,56.94122185,2800.579575
125.6,56.94122185,2803.125075
125.7,56.74142809,2805.670575
125.8,56.54163433,2808.207144
125.9,56.34184057,2810.734781
126,55.94225304,2813.253487
126.1,55.54266552,2815.75433
126.2,55.34287176,2818.237309
126.3,55.143078,2820.711357
126.4,54.94328424,2823.176473
126.5,54.94328424,2825.632657
126.6,54.94328424,2828.088842
126.7,54.94328424,2830.545026
126.8,54.94328424,2833.001211
126.9,54.94328424,2835.457396
127,54.94328424,2837.91358
127.1,54.94328424,2840.369765
127.2,54.94328424,2842.825949
127.3,54.94328424,2845.282134
127.4,54.94328424,2847.738319
127.5,54.94328424,2850.194503
127.6,54.94328424,2852.650688
127.7,54.94328424,2855.106872
127.8,54.94328424,2857.563057
127.9,54.94328424,2860.019241
128,54.94328424,2862.475426
128.1,55.143078,2864.931611
128.2,55.34287176,2867.396727
128.3,55.74245928,2869.870774
128.4,56.1420468,2872.362685
128.5,56.74142809,2874.872459
128.6,57.34080937,2877.409028
128.7,57.94019065,2879.972392
128.8,58.33977817,2882.56255
128.9,58.93915946,2885.170572
129,59.53854074,2887.805388
129.1,60.13792202,2890.466999
129.2,60.93709707,2893.155404
129.3,61.93606587,2895.879536
129.4,62.93503467,2898.648326
129.5,63.93400348,2901.461774
129.6,64.73317852,2904.31988
129.7,65.3325598,2907.213712
129.8,65.73214733,2910.134338
129.9,65.93194109,2913.072828
130,65.93194109,2916.02025
130.1,65.93194109,2918.967671
130.2,65.73214733,2921.915093
130.3,65.53235357,2924.853583
130.4,65.3325598,2927.783141
130.5,65.13276604,2930.703768
130.6,64.93297228,2933.615463
130.7,64.93297228,2936.518227
130.8,65.13276604,2939.42099
130.9,65.3325598,2942.332685
131,65.53235357,2945.253312
131.1,65.73214733,2948.18287
131.2,66.13173485,2951.12136
131.3,66.53132237,2954.077713
131.4,66.93090989,2957.05193
131.5,67.33049741,2960.044009
131.6,67.73008493,2963.053952
131.7,67.9298787,2966.081757
131.8,68.12967246,2969.118495
131.9,68.32946622,2972.164163
132,68.52925998,2975.218764
132.1,68.72905374,2978.282296
132.2,68.9288475,2981.35476
132.3,68.9288475,2984.436155
132.4,68.9288475,2987.51755
132.5,68.9288475,2990.598945
132.6,68.9288475,2993.68034
132.7,68.9288475,2996.761736
132.8,68.9288475,2999.843131
132.9,68.9288475,3002.924526
133,68.9288475,3006.005921
133.1,68.9288475,3009.087316
133.2,68.9288475,3012.168712
133.3,68.9288475,3015.250107
133.4,68.9288475,3018.331502
133.5,68.9288475,3021.412897
133.6,68.9288475,3024.494292
133.7,68.9288475,3027.575688
133.8,69.12864126,3030.657083
133.9,69.52822878,3033.74741
134,69.9278163,3036.855599
134.1,70.32740383,3039.981653
134.2,70.72699135,3043.125569
134.3,70.92678511,3046.287348
134.4,70.92678511,3049.458059
134.5,70.72699135,3052.62877
134.6,70.52719759,3055.79055
134.7,70.32740383,3058.943398
134.8,69.9278163,3062.087314
134.9,69.52822878,3065.213367
135,69.32843502,3068.321557
135.1,69.12864126,3071.420815
135.2,68.9288475,3074.511142
135.3,68.9288475,3077.592537
135.4,68.9288475,3080.673932
135.5,68.9288475,3083.755328
135.6,68.9288475,3086.836723
135.7,68.9288475,3089.918118
135.8,68.9288475,3092.999513
135.9,68.9288475,3096.080908
136,68.9288475,3099.162304
136.1,68.9288475,3102.243699
136.2,68.9288475,3105.325094
136.3,68.9288475,3108.406489
136.4,68.72905374,3111.487884
136.5,68.52925998,3114.560348
136.6,68.32946622,3117.62388
136.7,68.12967246,3120.67848
136.8,67.9298787,3123.724149
136.9,67.73008493,3126.760887
137,67.33049741,3129.788692
137.1,66.93090989,3132.798635
137.2,66.73111613,3135.790714
137.3,66.53132237,3138.773862
137.4,66.73111613,3141.748078
137.5,67.33049741,3144.731226
137.6,67.9298787,3147.741169
137.7,68.32946622,3150.777906
137.8,68.72905374,3153.832507
137.9,68.9288475,3156.90497
138,69.12864126,3159.986365
138.1,69.32843502,3163.076692
138.2,69.52822878,3166.17595
138.3,69.72802254,3169.28414
138.4,69.9278163,3172.401262
138.5,69.9278163,3175.527315
138.6,69.9278163,3178.653368
138.7,69.9278163,3181.779421
138.8,69.9278163,3184.905474
138.9,69.9278163,3188.031527
139,69.9278163,3191.157581
139.1,69.9278163,3194.283634
139.2,69.9278163,3197.409687
139.3,69.72802254,3200.53574
139.4,69.52822878,3203.652861
139.5,69.32843502,3206.761051
139.6,69.12864126,3209.86031
139.7,68.72905374,3212.950636
139.8,68.52925998,3216.0231
139.9,68.32946622,3219.086632
140,67.9298787,3222.141233
140.1,67.53029117,3225.17797
140.2,67.13070365,3228.196844
140.3,66.53132237,3231.197855
140.4,65.73214733,3234.172071
140.5,65.13276604,3237.110561
140.6,64.53338476,3240.022256
140.7,63.93400348,3242.907157
140.8,63.3346222,3245.765262
140.9,62.93503467,3248.596573
141,62.33565339,3251.410021
141.1,61.53647835,3254.196674
141.2,60.7373033,3256.947601
141.3,60.13792202,3259.662801
141.4,59.33874698,3262.351207
141.5,58.7393657,3265.003886
141.6,58.13998441,3267.629771
141.7,57.54060313,3270.228861
141.8,56.74142809,3272.801156
141.9,55.94225304,3275.337725
142,54.94328424,3277.838567
142.1,53.94431543,3280.294752
142.2,52.94534663,3282.706278
142.3,51.74658407,3285.073147
142.4,50.34802774,3287.386427
142.5,48.54988389,3289.637185
142.6,46.15235876,3291.807559
142.7,42.95565859,3293.870754
142.8,39.15957713,3295.791044
142.9,34.76411439,3297.541633
143,29.96906413,3299.095728
143.1,24.97422011,3300.435465
143.2,20.17916985,3301.551913
143.3,15.78370711,3302.454002
143.4,11.78783189,3303.159597
143.5,8.591131717,3303.686561
143.6,6.393400348,3304.070618
143.7,4.795050261,3304.356429
143.8,3.796081457,3304.570787
143.9,3.396493935,3304.740487
144,2.996906413,3304.892324
144.1,2.597318891,3305.026298
144.2,2.19773137,3305.142408
144.3,1.598350087,3305.240656
144.4,0.998968804,3305.312108
144.5,0.599381283,3305.356766
144.6,0.199793761,3305.383561
144.7,0,3305.392492
144.8,0,3305.392492
144.9,0,3305.392492
145,0,3305.392492
145.1,0,3305.392492
145.2,0,3305.392492
145.3,0,3305.392492
145.4,0,3305.392492
145.5,0,3305.392492
145.6,0,3305.392492
145.7,0,3305.392492
145.8,0,3305.392492
145.9,0,3305.392492
146,0,3305.392492
146.1,0,3305.392492
146.2,0,3305.392492
146.3,0,3305.392492
146.4,0,3305.392492
146.5,0,3305.392492
146.6,0,3305.392492
146.7,0,3305.392492
146.8,0,3305.392492
146.9,0,3305.392492
147,0.399587522,3305.392492
147.1,1.198762565,3305.410356
147.2,2.597318891,3305.463945
147.3,4.795050261,3305.580056
147.4,7.991750435,3305.794413
147.5,11.78783189,3306.151677
147.6,15.98350087,3306.67864
147.7,20.57875737,3307.393166
147.8,25.37380763,3308.313119
147.9,29.96906413,3309.44743
148,34.16473311,3310.787167
148.1,38.16060833,3312.314467
148.2,41.95668978,3314.020399
148.3,45.15338996,3315.896031
148.4,47.75070885,3317.914568
148.5,49.94844022,3320.049216
148.6,51.74658407,3322.282111
148.7,52.94534663,3324.59539
148.8,53.94431543,3326.962259
148.9,54.74349048,3329.373785
149,55.54266552,3331.821038
149.1,56.1420468,3334.304018
149.2,56.54163433,3336.813792
149.3,56.94122185,3339.341429
149.4,57.34080937,3341.886929
149.5,57.54060313,3344.450293
149.6,57.74039689,3347.022588
149.7,57.94019065,3349.603815
149.8,58.13998441,3352.193973
149.9,58.33977817,3354.793063
150,58.53957193,3357.401084
150.1,58.93915946,3360.018037
150.2,59.33874698,3362.652854
150.3,59.53854074,3365.305533
150.4,59.7383345,3367.967144
150.5,59.93812826,3370.637686
150.6,60.13792202,3373.31716
150.7,60.33771578,3376.005566
150.8,60.53750954,3378.702903
150.9,60.93709707,3381.409172
151,61.53647835,3384.133304
151.1,62.13585963,3386.884231
151.2,62.93503467,3389.661952
151.3,63.93400348,3392.4754
151.4,64.93297228,3395.333506
151.5,65.93194109,3398.236269
151.6,66.93090989,3401.183691
151.7,67.73008493,3404.17577
151.8,68.32946622,3407.203576
151.9,68.72905374,3410.258177
152,68.9288475,3413.33064
152.1,68.9288475,3416.412035
152.2,68.9288475,3419.493431
152.3,68.9288475,3422.574826
152.4,69.12864126,3425.656221
152.5,69.32843502,3428.746548
152.6,69.52822878,3431.845806
152.7,69.72802254,3434.953996
152.8,69.9278163,3438.071118
152.9,69.9278163,3441.197171
153,69.9278163,3444.323224
153.1,69.9278163,3447.449277
153.2,69.9278163,3450.57533
153.3,69.9278163,3453.701383
153.4,69.9278163,3456.827436
153.5,69.9278163,3459.953489
153.6,69.9278163,3463.079542
153.7,70.12761007,3466.205595
153.8,70.52719759,3469.34058
153.9,70.92678511,3472.493428
154,71.32637263,3475.664139
154.1,71.72596015,3478.852713
154.2,71.92575391,3482.05915
154.3,71.92575391,3485.274519
154.4,71.92575391,3488.489888
154.5,72.12554767,3491.705257
154.6,72.32534143,3494.929558
154.7,72.5251352,3498.16279
154.8,72.72492896,3501.404953
154.9,72.92472272,3504.656049
155,72.92472272,3507.916075
155.1,72.92472272,3511.176102
155.2,72.92472272,3514.436129
155.3,72.92472272,3517.696156
155.4,72.72492896,3520.956183
155.5,72.5251352,3524.207278
155.6,72.12554767,3527.449441
155.7,71.72596015,3530.673742
155.8,71.32637263,3533.880179
155.9,71.12657887,3537.068753
156,70.92678511,3540.248396
156.1,70.92678511,3543.419107
156.2,70.92678511,3546.589818
156.3,70.92678511,3549.760529
156.4,70.92678511,3552.93124
156.5,70.92678511,3556.101951
156.6,70.92678511,3559.272662
156.7,70.92678511,3562.443373
156.8,70.92678511,3565.614084
156.9,70.92678511,3568.784795
157,70.92678511,3571.955506
157.1,70.92678511,3575.126217
157.2,70.92678511,3578.296928
157.3,70.92678511,3581.467639
157.4,70.92678511,3584.63835
157.5,70.92678511,3587.809061
157.6,70.92678511,3590.979772
157.7,71.12657887,3594.150483
157.8,71.32637263,3597.330126
157.9,71.52616639,3600.5187
158,71.72596015,3603.716206
158.1,72.12554767,3606.922643
158.2,72.5251352,3610.146943
158.3,73.12451648,3613.389107
158.4,73.92369152,3616.658065
158.5,74.72286657,3619.96275
158.6,75.32224785,3623.303161
158.7,75.72183537,3626.670367
158.8,75.92162913,3630.055436
158.9,75.92162913,3633.449436
159,75.92162913,3636.843437
159.1,75.92162913,3640.237437
159.2,75.92162913,3643.631438
159.3,75.92162913,3647.025438
159.4,75.92162913,3650.419439
159.5,75.92162913,3653.813439
159.6,75.92162913,3657.20744
159.7,75.92162913,3660.60144
159.8,75.72183537,3663.995441
159.9,75.52204161,3667.38051
160,75.32224785,3670.756647
160.1,75.12245409,3674.123853
160.2,74.72286657,3677.482127
160.3,74.5230728,3680.822538
160.4,74.32327904,3684.154018
160.5,74.12348528,3687.476565
160.6,73.92369152,3690.790182
160.7,73.92369152,3694.094866
160.8,73.92369152,3697.399551
160.9,73.92369152,3700.704236
161,73.92369152,3704.008921
161.1,73.92369152,3707.313605
161.2,73.92369152,3710.61829
161.3,73.92369152,3713.922975
161.4,73.92369152,3717.227659
161.5,73.92369152,3720.532344
161.6,73.92369152,3723.837029
161.7,73.92369152,3727.141713
161.8,73.92369152,3730.446398
161.9,73.92369152,3733.751083
162,73.92369152,3737.055768
162.1,73.92369152,3740.360452
162.2,73.92369152,3743.665137
162.3,73.92369152,3746.969822
162.4,73.92369152,3750.274506
162.5,73.92369152,3753.579191
162.6,73.92369152,3756.883876
162.7,73.92369152,3760.188561
162.8,73.92369152,3763.493245
162.9,73.92369152,3766.79793
163,73.92369152,3770.102615
163.1,73.92369152,3773.407299
163.2,73.92369152,3776.711984
163.3,73.92369152,3780.016669
163.4,73.92369152,3783.321353
163.5,73.92369152,3786.626038
163.6,73.92369152,3789.930723
163.7,73.72389776,3793.235408
163.8,73.524104,3796.531161
163.9,73.524104,3799.817982
164,73.524104,3803.104804
164.1,73.524104,3806.391625
164.2,73.72389776,3809.678447
164.3,73.92369152,3812.9742
164.4,73.92369152,3816.278885
164.5,73.92369152,3819.583569
164.6,73.92369152,3822.888254
164.7,73.92369152,3826.192939
164.8,73.92369152,3829.497624
164.9,73.92369152,3832.802308
165,73.92369152,3836.106993
165.1,73.92369152,3839.411678
165.2,73.92369152,3842.716362
165.3,73.92369152,3846.021047
165.4,73.92369152,3849.325732
165.5,73.92369152,3852.630416
165.6,73.92369152,3855.935101
165.7,73.92369152,3859.239786
165.8,73.92369152,3862.544471
165.9,73.72389776,3865.849155
166,73.524104,3869.144908
166.1,73.32431024,3872.43173
166.2,73.12451648,3875.70962
166.3,72.92472272,3878.978578
166.4,72.92472272,3882.238605
166.5,72.92472272,3885.498632
166.6,72.92472272,3888.758659
166.7,72.92472272,3892.018686
166.8,72.72492896,3895.278712
166.9,72.5251352,3898.529808
167,72.32534143,3901.771971
167.1,72.12554767,3905.005203
167.2,71.92575391,3908.229504
167.3,71.92575391,3911.444873
167.4,71.92575391,3914.660242
167.5,71.92575391,3917.87561
167.6,71.92575391,3921.090979
167.7,71.92575391,3924.306348
167.8,71.92575391,3927.521717
167.9,71.72596015,3930.737086
168,71.32637263,3933.943523
168.1,70.92678511,3937.132098
168.2,70.32740383,3940.302809
168.3,69.72802254,3943.446725
168.4,69.32843502,3946.563846
168.5,69.12864126,3949.663105
168.6,68.9288475,3952.753431
168.7,68.9288475,3955.834827
168.8,68.9288475,3958.916222
168.9,68.9288475,3961.997617
169,68.9288475,3965.079012
169.1,68.9288475,3968.160407
169.2,68.9288475,3971.241803
169.3,68.9288475,3974.323198
169.4,68.9288475,3977.404593
169.5,68.9288475,3980.485988
169.6,68.9288475,3983.567383
169.7,68.9288475,3986.648779
169.8,68.9288475,3989.730174
169.9,68.9288475,3992.811569
170,68.9288475,3995.892964
170.1,68.9288475,3998.974359
170.2,69.12864126,4002.055755
170.3,69.52822878,4005.146081
170.4,69.9278163,4008.254271
170.5,70.32740383,4011.380324
170.6,70.72699135,4014.524241
170.7,70.92678511,4017.68602
170.8,70.92678511,4020.856731
170.9,70.92678511,4024.027442
171,70.92678511,4027.198153
171.1,70.92678511,4030.368864
171.2,70.92678511,4033.539575
171.3,70.92678511,4036.710286
171.4,70.92678511,4039.880997
171.5,70.92678511,4043.051708
171.6,70.92678511,4046.222419
171.7,70.92678511,4049.39313
171.8,70.72699135,4052.563841
171.9,70.52719759,4055.725621
172,70.32740383,4058.878468
172.1,70.12761007,4062.022385
172.2,69.9278163,4065.157369
172.3,69.9278163,4068.283422
172.4,69.9278163,4071.409476
172.5,69.72802254,4074.535529
172.6,69.52822878,4077.65265
172.7,69.32843502,4080.76084
172.8,69.32843502,4083.860099
172.9,69.32843502,4086.959357
173,69.52822878,4090.058615
173.1,69.72802254,4093.166805
173.2,69.9278163,4096.283927
173.3,69.9278163,4099.40998
173.4,69.9278163,4102.536033
173.5,69.9278163,4105.662086
173.6,70.12761007,4108.788139
173.7,70.32740383,4111.923124
173.8,70.52719759,4115.06704
173.9,70.72699135,4118.219888
174,70.92678511,4121.381667
174.1,71.12657887,4124.552378
174.2,71.32637263,4127.732021
174.3,71.52616639,4130.920595
174.4,71.72596015,4134.118101
174.5,71.92575391,4137.324538
174.6,71.72596015,4140.539907
174.7,71.32637263,4143.746344
174.8,70.72699135,4146.934918
174.9,69.9278163,4150.096698
175,68.9288475,4153.222751
175.1,67.73008493,4156.304146
175.2,66.53132237,4159.331952
175.3,65.3325598,4162.306168
175.4,64.13379724,4165.226795
175.5,62.93503467,4168.093832
175.6,61.93606587,4170.90728
175.7,60.93709707,4173.67607
175.8,59.93812826,4176.400202
175.9,59.13895322,4179.079676
176,58.33977817,4181.723424
176.1,57.54060313,4184.331445
176.2,56.74142809,4186.90374
176.3,56.1420468,4189.440309
176.4,55.34287176,4191.950083
176.5,54.54369672,4194.424131
176.6,53.94431543,4196.862452
176.7,53.54472791,4199.273979
176.8,53.14514039,4201.667642
176.9,52.94534663,4204.043443
177,52.74555287,4206.410312
177.1,52.54575911,4208.768249
177.2,52.34596535,4211.117254
177.3,52.34596535,4213.457328
177.4,52.54575911,4215.797402
177.5,53.14514039,4218.146408
177.6,53.74452167,4220.522208
177.7,54.34390296,4222.924804
177.8,54.74349048,4225.354193
177.9,54.94328424,4227.801446
178,54.74349048,4230.257631
178.1,54.54369672,4232.704884
178.2,54.34390296,4235.143205
178.3,54.1441092,4237.572595
178.4,54.1441092,4239.993053
178.5,54.54369672,4242.413512
178.6,54.94328424,4244.851833
178.7,55.34287176,4247.308018
178.8,55.74245928,4249.782065
178.9,55.74245928,4252.273976
179,55.54266552,4254.765887
179.1,55.34287176,4257.248867
179.2,55.143078,4259.722914
179.3,54.94328424,4262.18803
179.4,54.94328424,4264.644215
179.5,54.94328424,4267.1004
179.6,54.94328424,4269.556584
179.7,54.94328424,4272.012769
179.8,54.94328424,4274.468953
179.9,54.94328424,4276.925138
180,54.94328424,4279.381323
180.1,54.94328424,4281.837507
180.2,55.143078,4284.293692
180.3,55.34287176,4286.758808
180.4,55.54266552,4289.232856
180.5,55.74245928,4291.715835
180.6,55.74245928,4294.207746
180.7,55.54266552,4296.699657
180.8,55.34287176,4299.182636
180.9,55.143078,4301.656684
181,54.74349048,4304.1218
181.1,54.54369672,4306.569053
181.2,54.34390296,4309.007374
181.3,54.1441092,4311.436764
181.4,53.94431543,4313.857222
181.5,53.94431543,4316.268749
181.6,53.94431543,4318.680276
181.7,54.1441092,4321.091802
181.8,54.34390296,4323.512261
181.9,54.74349048,4325.941651
182,55.34287176,4328.388904
182.1,55.94225304,4330.862951
182.2,56.34184057,4333.363794
182.3,56.74142809,4335.882499
182.4,56.94122185,4338.419068
182.5,56.94122185,4340.964569
182.6,56.74142809,4343.510069
182.7,56.34184057,4346.046638
182.8,55.74245928,4348.565343
182.9,55.143078,4351.057254
183,54.34390296,4353.522371
183.1,53.74452167,4355.95176
183.2,53.14514039,4358.354355
183.3,52.54575911,4360.730156
183.4,51.94637783,4363.079161
183.5,51.34699654,4365.401372
183.6,50.5478215,4367.696788
183.7,49.5488527,4369.956478
183.8,48.35009013,4372.17151
183.9,46.75174004,4374.332953
184,44.9535962,4376.422942
184.1,42.95565859,4378.432548
184.2,41.15751474,4380.352838
184.3,39.55916465,4382.192743
184.4,37.96081457,4383.961196
184.5,36.36246448,4385.658196
184.6,34.56432063,4387.283744
184.7,32.76617678,4388.828907
184.8,30.96803293,4390.293687
184.9,29.56947661,4391.678081
185,28.5705078,4392.999955
185.1,28.17092028,4394.277171
185.2,27.97112652,4395.536524
185.3,27.97112652,4396.786945
185.4,27.77133276,4398.037367
185.5,27.571539,4399.278856
185.6,27.37174524,4400.511414
185.7,26.97215772,4401.735041
185.8,26.37277643,4402.940804
185.9,25.97318891,4404.119773
186,25.57360139,4405.280878
186.1,25.17401387,4406.424121
186.2,24.97422011,4407.5495
186.3,24.77442635,4408.665947
186.4,24.37483883,4409.773463
186.5,23.9752513,4410.863116
186.6,23.77545754,4411.934906
186.7,23.77545754,4412.997764
186.8,24.17504507,4414.060622
186.9,24.97422011,4415.141343
187,25.77339515,4416.25779
187.1,26.37277643,4417.409964
187.2,26.77236396,4418.588933
187.3,26.97215772,4419.785765
187.4,26.97215772,4420.991528
187.5,27.17195148,4422.197291
187.6,27.571539,4423.411986
187.7,27.97112652,4424.644544
187.8,28.37071404,4425.894966
187.9,28.77030157,4427.16325
188,28.97009533,4428.449398
188.1,28.77030157,4429.744477
188.2,28.37071404,4431.030624
188.3,27.97112652,4432.298909
188.4,27.37174524,4433.54933
188.5,26.5725702,4434.772956
188.6,25.77339515,4435.960857
188.7,25.17401387,4437.11303
188.8,24.57463259,4438.23841
188.9,24.17504507,4439.336994
189,23.9752513,4440.417715
189.1,24.17504507,4441.489505
189.2,24.37483883,4442.570226
189.3,24.57463259,4443.659879
189.4,24.77442635,4444.758463
189.5,24.77442635,4445.865979
189.6,23.9752513,4446.973495
189.7,22.77648874,4448.045285
189.8,21.17813865,4449.063485
189.9,19.18020104,4450.010232
190,16.98246967,4450.867664
190.1,14.98453207,4451.626848
190.2,12.98659446,4452.296717
190.3,10.78886309,4452.87727
190.4,8.591131717,4453.359575
190.5,6.593194109,4453.743633
190.6,4.795050261,4454.038375
190.7,3.196700174,4454.252733
190.8,2.19773137,4454.395638
190.9,1.598350087,4454.493886
191,1.198762565,4454.565338
191.1,0.998968804,4454.618928
191.2,0.998968804,4454.663586
191.3,0.799175043,4454.708244
191.4,0.599381283,4454.74397
191.5,0.399587522,4454.770765
191.6,0.199793761,4454.788628
191.7,0,4454.797559
191.8,0,4454.797559
191.9,0,4454.797559
192,0,4454.797559
192.1,0,4454.797559
192.2,0,4454.797559
192.3,0,4454.797559
192.4,0,4454.797559
192.5,0,4454.797559
192.6,0,4454.797559
192.7,0,4454.797559
192.8,0,4454.797559
192.9,0,4454.797559
193,0,4454.797559
193.1,0,4454.797559
193.2,0,4454.797559
193.3,0,4454.797559
193.4,0,4454.797559
193.5,0,4454.797559
193.6,0,4454.797559
193.7,0,4454.797559
193.8,0,4454.797559
193.9,0,4454.797559
194,0,4454.797559
194.1,0,4454.797559
194.2,0,4454.797559
194.3,0,4454.797559
194.4,0,4454.797559
194.5,0,4454.797559
194.6,0,4454.797559
194.7,0,4454.797559
194.8,0,4454.797559
194.9,0,4454.797559
195,0,4454.797559
195.1,0,4454.797559
195.2,0.199793761,4454.797559
195.3,0.599381283,4454.806491
195.4,1.198762565,4454.833286
195.5,1.997937609,4454.886875
195.6,2.996906413,4454.976191
195.7,3.995875217,4455.110165
195.8,4.795050261,4455.288796
195.9,5.394431543,4455.503154
196,5.794019065,4455.744307
196.1,6.193606587,4456.003323
196.2,6.393400348,4456.280202
196.3,6.593194109,4456.566012
196.4,6.79298787,4456.860754
196.5,6.99278163,4457.164428
196.6,6.99278163,4457.477033
196.7,6.99278163,4457.789639
196.8,6.99278163,4458.102244
196.9,6.79298787,4458.414849
197,6.593194109,4458.718523
197.1,6.393400348,4459.013265
197.2,6.193606587,4459.299076
197.3,5.993812826,4459.575955
197.4,5.993812826,4459.843902
197.5,5.993812826,4460.11185
197.6,5.993812826,4460.379797
197.7,5.993812826,4460.647744
197.8,6.193606587,4460.915692
197.9,6.393400348,4461.192571
198,6.593194109,4461.478381
198.1,6.99278163,4461.773124
198.2,7.392369152,4462.085729
198.3,7.592162913,4462.416197
198.4,7.791956674,4462.755597
198.5,7.991750435,4463.103929
198.6,7.991750435,4463.461192
198.7,7.991750435,4463.818455
198.8,7.991750435,4464.175719
198.9,7.791956674,4464.532982
199,7.392369152,4464.881314
199.1,6.99278163,4465.211782
199.2,6.593194109,4465.524387
199.3,6.193606587,4465.819129
199.4,5.993812826,4466.096008
199.5,6.193606587,4466.363956
199.6,6.393400348,4466.640835
199.7,6.79298787,4466.926645
199.8,7.392369152,4467.230319
199.9,8.191544196,4467.560788
200,8.990719239,4467.926982
200.1,9.989688043,4468.328903
200.2,10.78886309,4468.775483
200.3,11.38824437,4469.257788
200.4,11.78783189,4469.766888
200.5,12.18741941,4470.293851
200.6,12.7868007,4470.838678
200.7,13.7857695,4471.410299
200.8,14.98453207,4472.026578
200.9,16.38308839,4472.696446
201,17.78164472,4473.428836
201.1,18.78061352,4474.223746
201.2,19.57978857,4475.063315
201.3,20.17916985,4475.93861
201.4,20.57875737,4476.8407
201.5,20.77855113,4477.760652
201.6,20.97834489,4478.689537
201.7,21.17813865,4479.627353
201.8,21.57772617,4480.5741
201.9,22.37690122,4481.538711
202,23.17607626,4482.539048
202.1,23.9752513,4483.575111
202.2,24.57463259,4484.646901
202.3,24.97422011,4485.745485
202.4,24.97422011,4486.861933
202.5,24.77442635,4487.97838
202.6,24.17504507,4489.085896
202.7,23.17607626,4490.166617
202.8,21.57772617,4491.202681
202.9,19.3799948,4492.167291
203,16.98246967,4493.033655
203.1,14.58494454,4493.792839
203.2,12.18741941,4494.444844
203.3,9.989688043,4494.989671
203.4,7.991750435,4495.43625
203.5,6.193606587,4495.793513
203.6,4.5952565,4496.070392
203.7,3.196700174,4496.275818
203.8,1.997937609,4496.418723
203.9,1.198762565,4496.508039
204,0.599381283,4496.561629
204.1,0.199793761,4496.588424
204.2,0,4496.597355
204.3,0,4496.597355
204.4,0,4496.597355
204.5,0,4496.597355
204.6,0,4496.597355
204.7,0,4496.597355
204.8,0,4496.597355
204.9,0,4496.597355
205,0,4496.597355
205.1,0,4496.597355
205.2,0,4496.597355
205.3,0,4496.597355
205.4,0,4496.597355
205.5,0,4496.597355
205.6,0,4496.597355
205.7,0,4496.597355
205.8,0,4496.597355
205.9,0.199793761,4496.597355
206,0.599381283,4496.606287
206.1,0.998968804,4496.633081
206.2,1.598350087,4496.677739
206.3,2.39752513,4496.749192
206.4,3.196700174,4496.856371
206.5,3.995875217,4496.999276
206.6,4.994844022,4497.177908
206.7,5.794019065,4497.401197
206.8,6.393400348,4497.660213
206.9,6.99278163,4497.946024
207,7.392369152,4498.258629
207.1,7.592162913,4498.589098
207.2,7.791956674,4498.928498
207.3,7.991750435,4499.276829
207.4,8.191544196,4499.634092
207.5,8.591131717,4500.000287
207.6,9.390306761,4500.384345
207.7,10.38927557,4500.804129
207.8,11.58803813,4501.268572
207.9,12.7868007,4501.786603
208,13.98556326,4502.358224
208.1,14.7847383,4502.983435
208.2,15.38411959,4503.644372
208.3,15.98350087,4504.332104
208.4,16.38308839,4505.04663
208.5,16.78267591,4505.77902
208.6,17.3820572,4506.529272
208.7,18.381026,4507.30632
208.8,19.3799948,4508.128025
208.9,20.77855113,4508.994389
209,22.17710746,4509.923273
209.1,23.37587002,4510.914678
209.2,24.17504507,4511.959673
209.3,24.77442635,4513.040394
209.4,25.17401387,4514.14791
209.5,25.37380763,4515.273289
209.6,25.57360139,4516.4076
209.7,25.77339515,4517.550842
209.8,26.17298267,4518.703016
209.9,26.37277643,4519.873053
210,26.77236396,4521.052022
210.1,27.37174524,4522.248854
210.2,28.17092028,4523.47248
210.3,28.77030157,4524.731833
210.4,29.36968285,4526.017981
210.5,29.96906413,4527.330923
210.6,30.76823917,4528.67066
210.7,31.56741422,4530.046123
210.8,32.56638302,4531.457313
210.9,33.76514559,4532.913161
211,34.76411439,4534.422598
211.1,35.36349567,4535.976693
211.2,35.7630832,4537.557582
211.3,35.96287696,4539.156335
211.4,35.7630832,4540.76402
211.5,35.36349567,4542.362772
211.6,34.76411439,4543.943662
211.7,33.96493935,4545.497757
211.8,32.96597054,4547.016126
211.9,32.1667955,4548.489837
212,31.56741422,4549.927821
212.1,31.36762046,4551.339011
212.2,31.56741422,4552.741269
212.3,31.96700174,4554.152458
212.4,32.36658926,4555.581511
212.5,32.96597054,4557.028427
212.6,33.56535183,4558.502138
212.7,33.96493935,4560.002644
212.8,34.36452687,4561.521012
212.9,34.76411439,4563.057244
213,35.16370191,4564.611339
213.1,35.56328943,4566.183297
213.2,36.16267072,4567.773118
213.3,36.96184576,4569.389734
213.4,38.16060833,4571.042077
213.5,39.35937089,4572.748009
213.6,40.55813346,4574.50753
213.7,41.55710226,4576.320641
213.8,42.15648354,4578.178409
213.9,42.3562773,4580.062973
214,42.15648354,4581.956468
214.1,41.55710226,4583.841031
214.2,40.75792722,4585.6988
214.3,39.95875217,4587.520842
214.4,38.95978337,4589.307158
214.5,37.96081457,4591.048817
214.6,36.96184576,4592.745817
214.7,35.96287696,4594.398159
214.8,34.96390815,4596.005844
214.9,34.16473311,4597.56887
215,33.36555807,4599.09617
215.1,32.56638302,4600.587744
215.2,31.76720798,4602.043592
215.3,30.96803293,4603.463713
215.4,30.16885789,4604.848108
215.5,29.76927037,4606.196777
215.6,29.76927037,4607.527582
215.7,29.96906413,4608.858388
215.8,30.36865165,4610.198125
215.9,30.76823917,4611.555725
216,30.96803293,4612.931188
216.1,30.96803293,4614.315583
216.2,30.96803293,4615.699978
216.3,30.96803293,4617.084373
216.4,30.96803293,4618.468768
216.5,30.76823917,4619.853163
216.6,30.36865165,4621.228626
216.7,30.16885789,4622.586227
216.8,30.16885789,4623.934895
216.9,30.16885789,4625.283564
217,30.36865165,4626.632232
217.1,30.76823917,4627.989833
217.2,30.96803293,4629.365296
217.3,30.76823917,4630.749691
217.4,30.36865165,4632.125154
217.5,29.36968285,4633.482755
217.6,27.97112652,4634.795697
217.7,26.17298267,4636.046118
217.8,24.17504507,4637.216155
217.9,22.17710746,4638.296876
218,20.57875737,4639.288282
218.1,19.18020104,4640.208235
218.2,17.78164472,4641.065666
218.3,16.58288215,4641.860577
218.4,15.18432583,4642.601898
218.5,13.7857695,4643.280698
218.6,12.38721317,4643.896977
218.7,11.38824437,4644.450735
218.8,10.58906933,4644.959835
218.9,10.1894818,4645.433209
219,10.1894818,4645.88872
219.1,10.38927557,4646.34423
219.2,10.58906933,4646.808672
219.3,10.58906933,4647.282046
219.4,10.38927557,4647.75542
219.5,9.789894283,4648.219862
219.6,9.190513,4648.657509
219.7,8.591131717,4649.068362
219.8,8.191544196,4649.45242
219.9,7.991750435,4649.818615
220,7.791956674,4650.175878
220.1,7.592162913,4650.52421
220.2,7.392369152,4650.86361
220.3,6.99278163,4651.194078
220.4,6.393400348,4651.506684
220.5,5.794019065,4651.792494
220.6,4.994844022,4652.05151
220.7,4.195668978,4652.274799
220.8,3.596287696,4652.462363
220.9,3.196700174,4652.623131
221,2.996906413,4652.766036
221.1,2.797112652,4652.90001
221.2,2.597318891,4653.025052
221.3,2.19773137,4653.141163
221.4,1.798143848,4653.23941
221.5,1.398556326,4653.319794
221.6,1.198762565,4653.382315
221.7,0.998968804,4653.435905
221.8,0.799175043,4653.480563
221.9,0.599381283,4653.516289
222,0.599381283,4653.543084
222.1,0.998968804,4653.569879
222.2,1.798143848,4653.614537
222.3,3.396493935,4653.694921
222.4,5.594225304,4653.846758
222.5,7.991750435,4654.096842
222.6,10.38927557,4654.454105
222.7,12.7868007,4654.918547
222.8,15.18432583,4655.490168
222.9,17.3820572,4656.168968
223,19.57978857,4656.946016
223.1,21.77751993,4657.821311
223.2,24.17504507,4658.794853
223.3,26.37277643,4659.875574
223.4,28.5705078,4661.054543
223.5,30.56844541,4662.331759
223.6,32.36658926,4663.698291
223.7,33.76514559,4665.145207
223.8,34.96390815,4666.654644
223.9,35.96287696,4668.21767
224,36.96184576,4669.825355
224.1,37.96081457,4671.477697
224.2,38.95978337,4673.174697
224.3,39.75895841,4674.916356
224.4,40.55813346,4676.69374
224.5,41.3573085,4678.506851
224.6,42.15648354,4680.355688
224.7,42.75586483,4682.240251
224.8,43.55503987,4684.15161
224.9,44.15442115,4686.098694
225,44.55400867,4688.072573
225.1,44.75380243,4690.064316
225.2,44.9535962,4692.06499
225.3,44.9535962,4694.074595
225.4,44.9535962,4696.084201
225.5,44.9535962,4698.093806
225.6,44.9535962,4700.103412
225.7,44.9535962,4702.113017
225.8,44.75380243,4704.122623
225.9,44.55400867,4706.123297
226,44.15442115,4708.115039
226.1,43.55503987,4710.088919
226.2,42.95565859,4712.036003
226.3,42.55607107,4713.956293
226.4,42.15648354,4715.85872
226.5,41.75689602,4717.743283
226.6,41.3573085,4719.609983
226.7,40.75792722,4721.45882
226.8,40.15854593,4723.280863
226.9,39.35937089,4725.07611
227,38.56019585,4726.835632
227.1,37.7610208,4728.559427
227.2,36.96184576,4730.247495
227.3,35.7630832,4731.899838
227.4,34.36452687,4733.498591
227.5,32.56638302,4735.034822
227.6,30.36865165,4736.49067
227.7,27.571539,4737.84827
227.8,24.57463259,4739.080828
227.9,21.77751993,4740.179413
228,19.18020104,4741.152955
228.1,16.98246967,4742.010387
228.2,15.38411959,4742.769571
228.3,13.98556326,4743.457303
228.4,12.7868007,4744.082513
228.5,11.98762565,4744.654134
228.6,11.58803813,4745.190029
228.7,11.38824437,4745.708061
228.8,11.58803813,4746.217161
228.9,11.58803813,4746.735193
229,11.38824437,4747.253224
229.1,10.98865685,4747.762324
229.2,10.58906933,4748.253561
229.3,10.1894818,4748.726935
229.4,9.789894283,4749.182446
229.5,9.590100522,4749.620093
229.6,9.390306761,4750.048809
229.7,9.190513,4750.468593
229.8,8.790925478,4750.879446
229.9,8.591131717,4751.272435
230,8.391337957,4751.656493
230.1,8.391337957,4752.03162
230.2,8.591131717,4752.406746
230.3,9.190513,4752.790804
230.4,9.590100522,4753.201657
230.5,9.989688043,4753.630373
230.6,10.38927557,4754.076952
230.7,10.78886309,4754.541394
230.8,10.98865685,4755.023699
230.9,11.38824437,4755.514936
231,11.58803813,4756.024036
231.1,11.38824437,4756.542068
231.2,10.78886309,4757.051168
231.3,9.989688043,4757.533473
231.4,8.990719239,4757.980052
231.5,8.191544196,4758.381973
231.6,7.791956674,4758.748168
231.7,7.791956674,4759.0965
231.8,7.991750435,4759.444831
231.9,8.391337957,4759.802095
232,8.591131717,4760.177221
232.1,8.591131717,4760.561279
232.2,8.391337957,4760.945337
232.3,8.191544196,4761.320463
232.4,7.991750435,4761.686658
232.5,7.991750435,4762.043921
232.6,7.991750435,4762.401184
232.7,7.991750435,4762.758448
232.8,7.991750435,4763.115711
232.9,8.191544196,4763.472974
233,8.591131717,4763.839169
233.1,9.190513,4764.223227
233.2,9.989688043,4764.634079
233.3,10.98865685,4765.080658
233.4,11.78783189,4765.571895
233.5,12.38721317,4766.098859
233.6,12.7868007,4766.652617
233.7,12.98659446,4767.224238
233.8,12.98659446,4767.80479
233.9,12.98659446,4768.385343
234,12.98659446,4768.965896
234.1,12.98659446,4769.546449
234.2,13.18638822,4770.127001
234.3,13.38618198,4770.716486
234.4,13.7857695,4771.314902
234.5,14.58494454,4771.931181
234.6,15.98350087,4772.583186
234.7,17.58185096,4773.297712
234.8,19.77958233,4774.083691
234.9,22.37690122,4774.967918
235,25.17401387,4775.968255
235.1,27.97112652,4777.093634
235.2,30.76823917,4778.344055
235.3,33.36555807,4779.719519
235.4,35.7630832,4781.211092
235.5,37.7610208,4782.809845
235.6,39.35937089,4784.497914
235.7,40.75792722,4786.257435
235.8,41.95668978,4788.079478
235.9,42.95565859,4789.95511
236,43.95462739,4791.875399
236.1,44.9535962,4793.840347
236.2,45.952565,4795.849953
236.3,46.75174004,4797.904216
236.4,47.35112133,4799.994206
236.5,47.75070885,4802.11099
236.6,48.15029637,4804.245638
236.7,48.54988389,4806.398149
236.8,49.14926517,4808.568523
236.9,49.94844022,4810.765692
237,50.74761526,4812.998587
237.1,51.34699654,4815.267208
237.2,51.74658407,4817.562624
237.3,51.94637783,4819.875904
237.4,51.94637783,4822.198114
237.5,51.94637783,4824.520325
237.6,51.94637783,4826.842536
237.7,52.14617159,4829.164747
237.8,52.34596535,4831.49589
237.9,52.54575911,4833.835964
238,52.74555287,4836.184969
238.1,52.94534663,4838.542906
238.2,52.94534663,4840.909775
238.3,52.94534663,4843.276644
238.4,52.94534663,4845.643513
238.5,52.74555287,4848.010381
238.6,52.54575911,4850.368319
238.7,52.34596535,4852.717324
238.8,51.94637783,4855.057398
238.9,51.34699654,4857.379609
239,50.94740902,4859.675025
239.1,50.5478215,4861.952578
239.2,50.14823398,4864.212268
239.3,50.14823398,4866.454095
239.4,50.5478215,4868.695921
239.5,51.14720278,4870.955611
239.6,51.74658407,4873.242096
239.7,52.34596535,4875.555375
239.8,52.74555287,4877.895449
239.9,52.94534663,4880.253386
240,52.94534663,4882.620255
240.1,52.94534663,4884.987124
240.2,52.74555287,4887.353993
240.3,52.54575911,4889.71193
240.4,52.34596535,4892.060935
240.5,52.14617159,4894.401009
240.6,51.94637783,4896.732152
240.7,51.94637783,4899.054363
240.8,51.94637783,4901.376574
240.9,51.94637783,4903.698785
241,51.94637783,4906.020995
241.1,51.94637783,4908.343206
241.2,51.94637783,4910.665417
241.3,51.94637783,4912.987628
241.4,51.94637783,4915.309839
241.5,51.74658407,4917.63205
241.6,51.5467903,4919.945329
241.7,51.34699654,4922.249677
241.8,51.14720278,4924.545093
241.9,50.74761526,4926.831577
242,50.34802774,4929.100199
242.1,49.94844022,4931.350957
242.2,49.34905893,4933.583852
242.3,48.54988389,4935.789953
242.4,47.75070885,4937.960327
242.5,46.75174004,4940.094974
242.6,45.35318372,4942.184964
242.7,43.75483363,4944.212433
242.8,41.75689602,4946.168449
242.9,39.35937089,4948.035149
243,36.96184576,4949.79467
243.1,34.36452687,4951.447013
243.2,31.36762046,4952.983245
243.3,28.17092028,4954.385503
243.4,24.77442635,4955.644855
243.5,20.97834489,4956.752371
243.6,17.18226343,4957.690187
243.7,13.58597574,4958.458303
243.8,10.58906933,4959.065651
243.9,8.191544196,4959.539024
244,6.393400348,4959.905219
244.1,5.194637783,4960.19103
244.2,4.5952565,4960.423251
244.3,4.195668978,4960.628677
244.4,3.995875217,4960.81624
244.5,3.995875217,4960.994872
244.6,3.995875217,4961.173504
244.7,3.995875217,4961.352135
244.8,3.995875217,4961.530767
244.9,4.195668978,4961.709398
245,4.395462739,4961.896962
245.1,4.5952565,4962.093456
245.2,4.795050261,4962.298883
245.3,4.795050261,4962.513241
245.4,4.5952565,4962.727599
245.5,4.395462739,4962.933025
245.6,4.395462739,4963.12952
245.7,4.5952565,4963.326015
245.8,5.194637783,4963.531441
245.9,5.993812826,4963.763662
246,6.99278163,4964.031609
246.1,7.991750435,4964.344215
246.2,8.990719239,4964.701478
246.3,9.989688043,4965.103399
246.4,10.78886309,4965.549978
246.5,11.38824437,4966.032283
246.6,11.78783189,4966.541383
246.7,11.78783189,4967.068347
246.8,11.38824437,4967.59531
246.9,10.98865685,4968.10441
247,10.58906933,4968.595647
247.1,10.38927557,4969.069021
247.2,10.38927557,4969.533463
247.3,10.58906933,4969.997905
247.4,10.58906933,4970.471279
247.5,10.38927557,4970.944653
247.6,9.789894283,4971.409095
247.7,8.990719239,4971.846742
247.8,7.991750435,4972.248663
247.9,7.392369152,4972.605926
248,6.99278163,4972.936395
248.1,6.79298787,4973.249
248.2,6.99278163,4973.552674
248.3,7.392369152,4973.865279
248.4,7.791956674,4974.195748
248.5,8.191544196,4974.544079
248.6,8.591131717,4974.910274
248.7,8.990719239,4975.294332
248.8,9.590100522,4975.696253
248.9,10.1894818,4976.124969
249,10.98865685,4976.58048
249.1,12.18741941,4977.071717
249.2,13.38618198,4977.616543
249.3,14.58494454,4978.214959
249.4,15.78370711,4978.866964
249.5,16.98246967,4979.572559
249.6,17.98143848,4980.331743
249.7,18.98040728,4981.135586
249.8,19.97937609,4981.984086
249.9,20.77855113,4982.877244
250,21.37793241,4983.806128
250.1,21.9773137,4984.761807
250.2,22.77648874,4985.744281
250.3,23.57566378,4986.762481
250.4,24.37483883,4987.816408
250.5,25.57360139,4988.90606
250.6,26.77236396,4990.049303
250.7,27.77133276,4991.246135
250.8,28.77030157,4992.487624
250.9,29.76927037,4993.773772
251,30.36865165,4995.104577
251.1,30.76823917,4996.462177
251.2,30.96803293,4997.837641
251.3,30.96803293,4999.222036
251.4,30.96803293,5000.606431
251.5,30.76823917,5001.990826
251.6,30.36865165,5003.366289
251.7,29.56947661,5004.723889
251.8,28.37071404,5006.045763
251.9,26.77236396,5007.314047
252,24.57463259,5008.510879
252.1,21.9773137,5009.609464
252.2,19.18020104,5010.591937
252.3,16.18329463,5011.449369
252.4,13.18638822,5012.172827
252.5,10.58906933,5012.762311
252.6,8.191544196,5013.235685
252.7,6.193606587,5013.60188
252.8,4.5952565,5013.878759
252.9,3.196700174,5014.084185
253,2.19773137,5014.227091
253.1,1.398556326,5014.325338
253.2,0.799175043,5014.387859
253.3,0.399587522,5014.423585
253.4,0.199793761,5014.441449
253.5,0,5014.45038
253.6,0,5014.45038
253.7,0.399587522,5014.45038
253.8,1.198762565,5014.468243
253.9,2.597318891,5014.521833
254,4.795050261,5014.637943
254.1,7.592162913,5014.852301
254.2,10.58906933,5015.191701
254.3,13.7857695,5015.665075
254.4,16.78267591,5016.281354
254.5,19.57978857,5017.031607
254.6,22.37690122,5017.906902
254.7,25.17401387,5018.907239
254.8,27.97112652,5020.032618
254.9,30.76823917,5021.283039
255,33.1657643,5022.658502
255.1,35.16370191,5024.141145
255.2,36.96184576,5025.713103
255.3,38.56019585,5027.365445
255.4,40.15854593,5029.08924
255.5,41.95668978,5030.884488
255.6,43.95462739,5032.76012
255.7,45.952565,5034.725067
255.8,47.75070885,5036.779331
255.9,49.5488527,5038.913978
256,51.14720278,5041.12901
256.1,52.54575911,5043.415495
256.2,53.74452167,5045.764501
256.3,54.74349048,5048.167096
256.4,55.34287176,5050.614349
256.5,55.74245928,5053.088396
256.6,56.1420468,5055.580307
256.7,56.34184057,5058.090081
256.8,56.74142809,5060.608787
256.9,57.14101561,5063.145356
257,57.54060313,5065.699788
257.1,57.74039689,5068.272083
257.2,57.94019065,5070.85331
257.3,57.94019065,5073.443468
257.4,57.94019065,5076.033626
257.5,57.94019065,5078.623784
257.6,57.94019065,5081.213943
257.7,58.13998441,5083.804101
257.8,58.53957193,5086.403191
257.9,59.33874698,5089.020144
258,60.33771578,5091.672823
258.1,61.73627211,5094.37016
258.2,63.13482843,5097.130019
258.3,64.53338476,5099.952398
258.4,65.53235357,5102.837299
258.5,66.53132237,5105.766857
258.6,67.33049741,5108.741073
258.7,67.9298787,5111.751016
258.8,68.12967246,5114.787753
258.9,68.32946622,5117.833422
259,68.32946622,5120.888022
259.1,67.9298787,5123.942623
259.2,67.53029117,5126.97936
259.3,67.13070365,5129.998234
259.4,66.53132237,5132.999245
259.5,65.73214733,5135.973461
259.6,64.93297228,5138.911951
259.7,63.93400348,5141.814715
259.8,62.93503467,5144.672821
259.9,61.93606587,5147.486268
260,60.7373033,5150.255058
260.1,59.53854074,5152.970259
260.2,58.13998441,5155.63187
260.3,56.74142809,5158.23096
260.4,55.143078,5160.767528
260.5,53.54472791,5163.232644
260.6,51.74658407,5165.626308
260.7,49.74864646,5167.939587
260.8,47.15132757,5170.163551
260.9,44.35421491,5172.271404
261,41.15751474,5174.254215
261.1,37.7610208,5176.09412
261.2,34.36452687,5177.782189
261.3,30.96803293,5179.318421
261.4,27.37174524,5180.702816
261.5,23.9752513,5181.926442
261.6,20.57875737,5182.998232
261.7,17.18226343,5183.918184
261.8,13.98556326,5184.6863
261.9,10.98865685,5185.311511
262,8.191544196,5185.802748
262.1,5.594225304,5186.168943
262.2,3.396493935,5186.419027
262.3,1.798143848,5186.570864
262.4,0.799175043,5186.651248
262.5,0.199793761,5186.686974
262.6,0,5186.695906
262.7,0,5186.695906
262.8,0,5186.695906
262.9,0,5186.695906
263,0,5186.695906
263.1,0,5186.695906
263.2,0,5186.695906
263.3,0,5186.695906
263.4,0,5186.695906
263.5,0,5186.695906
263.6,0,5186.695906
263.7,0,5186.695906
263.8,0,5186.695906
263.9,0,5186.695906
264,0,5186.695906
264.1,0,5186.695906
264.2,0,5186.695906
264.3,0,5186.695906
264.4,0,5186.695906
264.5,0,5186.695906
264.6,0,5186.695906
264.7,0,5186.695906
264.8,0,5186.695906
264.9,0,5186.695906
265,0,5186.695906
265.1,0,5186.695906
265.2,0,5186.695906
265.3,0,5186.695906
265.4,0,5186.695906
265.5,0,5186.695906
265.6,0,5186.695906
265.7,0,5186.695906
265.8,0,5186.695906
265.9,0,5186.695906
266,0,5186.695906
266.1,0,5186.695906
266.2,0,5186.695906
266.3,0,5186.695906
266.4,0,5186.695906
266.5,0,5186.695906
266.6,0,5186.695906
266.7,0,5186.695906
266.8,0,5186.695906
266.9,0,5186.695906
267,0,5186.695906
267.1,0,5186.695906
267.2,0,5186.695906
267.3,0,5186.695906
267.4,0,5186.695906
267.5,0,5186.695906
267.6,0,5186.695906
267.7,0,5186.695906
267.8,0.199793761,5186.695906
267.9,0.799175043,5186.704837
268,1.997937609,5186.740564
268.1,3.995875217,5186.82988
268.2,6.99278163,5187.008511
268.3,10.78886309,5187.321117
268.4,15.18432583,5187.803422
268.5,19.77958233,5188.482222
268.6,24.37483883,5189.366448
268.7,28.5705078,5190.456101
268.8,32.1667955,5191.733317
268.9,35.16370191,5193.171302
269,37.7610208,5194.74326
269.1,39.95875217,5196.431328
269.2,41.95668978,5198.217644
269.3,43.95462739,5200.093276
269.4,45.952565,5202.058224
269.5,47.75070885,5204.112487
269.6,49.34905893,5206.247135
269.7,50.74761526,5208.453235
269.8,51.94637783,5210.721857
269.9,52.94534663,5213.044068
270,53.94431543,5215.410937
270.1,54.94328424,5217.822463
270.2,55.94225304,5220.278648
270.3,56.94122185,5222.77949
270.4,57.94019065,5225.324991
270.5,58.93915946,5227.915149
270.6,60.13792202,5230.549965
270.7,61.33668459,5233.238371
270.8,62.53544715,5235.980366
270.9,63.73420972,5238.775951
271,64.93297228,5241.625125
271.1,65.93194109,5244.527888
271.2,66.93090989,5247.47531
271.3,67.73008493,5250.467389
271.4,68.52925998,5253.495195
271.5,69.32843502,5256.558727
271.6,70.12761007,5259.657985
271.7,70.72699135,5262.79297
271.8,71.52616639,5265.954749
271.9,72.32534143,5269.152255
272,73.12451648,5272.385487
272.1,73.72389776,5275.654446
272.2,74.32327904,5278.950199
272.3,74.92266033,5282.272747
272.4,75.32224785,5285.622089
272.5,75.52204161,5288.989295
272.6,75.92162913,5292.365432
272.7,76.32121665,5295.759433
272.8,76.52101041,5299.171296
272.9,76.72080417,5302.592092
273,76.92059793,5306.021819
273.1,76.92059793,5309.460477
273.2,76.92059793,5312.899135
273.3,76.92059793,5316.337794
273.4,76.72080417,5319.776452
273.5,76.32121665,5323.206179
273.6,75.72183537,5326.618043
273.7,74.92266033,5330.003112
273.8,74.12348528,5333.352454
273.9,73.524104,5336.66607
274,72.92472272,5339.952892
274.1,72.5251352,5343.212919
274.2,72.32534143,5346.455082
274.3,72.12554767,5349.688315
274.4,71.92575391,5352.912615
274.5,71.92575391,5356.127984
274.6,71.92575391,5359.343353
274.7,71.92575391,5362.558722
274.8,71.92575391,5365.774091
274.9,71.92575391,5368.98946
275,71.92575391,5372.204828
275.1,71.92575391,5375.420197
275.2,71.92575391,5378.635566
275.3,71.72596015,5381.850935
275.4,71.52616639,5385.057372
275.5,71.12657887,5388.254878
275.6,70.72699135,5391.434521
275.7,70.12761007,5394.5963
275.8,69.72802254,5397.731285
275.9,69.12864126,5400.848406
276,68.52925998,5403.938733
276.1,67.73008493,5407.002265
276.2,67.13070365,5410.030071
276.3,66.33152861,5413.031082
276.4,65.53235357,5415.996367
276.5,64.73317852,5418.925925
276.6,63.93400348,5421.819757
276.7,62.93503467,5424.677863
276.8,61.73627211,5427.49131
276.9,60.53750954,5430.251169
277,59.33874698,5432.957438
277.1,58.13998441,5435.610117
277.2,56.94122185,5438.209207
277.3,55.94225304,5440.754707
277.4,54.94328424,5443.25555
277.5,53.94431543,5445.711734
277.6,52.94534663,5448.123261
277.7,52.14617159,5450.49013
277.8,51.5467903,5452.821272
277.9,51.34699654,5455.12562
278,51.5467903,5457.421036
278.1,51.94637783,5459.725384
278.2,52.54575911,5462.047595
278.3,53.34493415,5464.3966
278.4,54.1441092,5466.781332
278.5,54.74349048,5469.20179
278.6,55.54266552,5471.649043
278.7,56.1420468,5474.132023
278.8,56.74142809,5476.641797
278.9,57.34080937,5479.178366
279,58.13998441,5481.741729
279.1,58.7393657,5484.340819
279.2,59.33874698,5486.966704
279.3,59.93812826,5489.619383
279.4,60.53750954,5492.298857
279.5,61.13689083,5495.005126
279.6,61.73627211,5497.738189
279.7,62.53544715,5500.498048
279.8,63.3346222,5503.293632
279.9,64.13379724,5506.124943
280,64.93297228,5508.991981
280.1,65.73214733,5511.894744
280.2,66.53132237,5514.833234
280.3,67.33049741,5517.80745
280.4,68.12967246,5520.817393
280.5,68.72905374,5523.863062
280.6,69.52822878,5526.935525
280.7,70.32740383,5530.043715
280.8,71.12657887,5533.187632
280.9,71.72596015,5536.367274
281,72.32534143,5539.573711
281.1,72.92472272,5542.806943
281.2,73.32431024,5546.06697
281.3,73.524104,5549.34486
281.4,73.72389776,5552.631682
281.5,74.12348528,5555.927435
281.6,74.12348528,5559.241051
281.7,74.12348528,5562.554667
281.8,74.12348528,5565.868284
281.9,74.12348528,5569.1819
282,73.92369152,5572.495516
282.1,73.92369152,5575.800201
282.2,73.92369152,5579.104886
282.3,73.92369152,5582.40957
282.4,73.92369152,5585.714255
282.5,73.92369152,5589.01894
282.6,73.92369152,5592.323625
282.7,73.92369152,5595.628309
282.8,73.92369152,5598.932994
282.9,73.92369152,5602.237679
283,73.92369152,5605.542363
283.1,73.92369152,5608.847048
283.2,73.92369152,5612.151733
283.3,73.92369152,5615.456418
283.4,73.92369152,5618.761102
283.5,74.12348528,5622.065787
283.6,74.32327904,5625.379403
283.7,74.5230728,5628.701951
283.8,74.72286657,5632.033431
283.9,75.12245409,5635.373842
284,75.32224785,5638.732116
284.1,75.32224785,5642.099322
284.2,75.32224785,5645.466527
284.3,75.32224785,5648.833733
284.4,75.12245409,5652.200939
284.5,74.92266033,5655.559213
284.6,74.92266033,5658.908556
284.7,74.92266033,5662.257898
284.8,74.92266033,5665.607241
284.9,75.12245409,5668.956583
285,75.52204161,5672.314858
285.1,76.12142289,5675.690995
285.2,76.92059793,5679.093927
285.3,77.91956674,5682.532585
285.4,78.71874178,5686.015902
285.5,79.51791683,5689.534944
285.6,80.11729811,5693.089713
285.7,80.51688563,5696.671277
285.8,80.71667939,5700.270704
285.9,80.91647315,5703.879062
286,80.91647315,5707.496352
286.1,81.11626691,5711.113642
286.2,81.31606067,5714.739864
286.3,81.31606067,5718.375017
286.4,81.31606067,5722.01017
286.5,81.11626691,5725.645324
286.6,80.71667939,5729.271545
286.7,80.31709187,5732.879904
286.8,80.11729811,5736.470399
286.9,79.91750435,5740.051963
287,79.91750435,5743.624595
287.1,79.91750435,5747.197227
287.2,79.91750435,5750.769859
287.3,79.91750435,5754.342491
287.4,79.91750435,5757.915123
287.5,79.71771059,5761.487755
287.6,79.51791683,5765.051456
287.7,79.31812307,5768.606225
287.8,79.1183293,5772.152062
287.9,78.91853554,5775.688968
288,78.71874178,5779.216942
288.1,78.1193605,5782.735985
288.2,77.32018546,5786.228233
288.3,76.52101041,5789.684754
288.4,75.72183537,5793.105549
288.5,75.12245409,5796.490618
288.6,74.92266033,5799.848893
288.7,75.12245409,5803.198235
288.8,75.32224785,5806.556509
288.9,75.72183537,5809.923715
289,76.32121665,5813.308784
289.1,76.92059793,5816.720648
289.2,77.1203917,5820.159306
289.3,77.1203917,5823.606896
289.4,76.72080417,5827.054486
289.5,75.92162913,5830.484213
289.6,74.92266033,5833.878213
289.7,74.12348528,5837.227556
289.8,73.524104,5840.541172
289.9,72.92472272,5843.827994
290,72.5251352,5847.088021
290.1,72.32534143,5850.330184
290.2,72.12554767,5853.563416
290.3,71.92575391,5856.787717
290.4,71.92575391,5860.003086
290.5,71.92575391,5863.218455
290.6,71.92575391,5866.433824
290.7,71.72596015,5869.649192
290.8,71.52616639,5872.85563
290.9,71.12657887,5876.053136
291,70.52719759,5879.232778
291.1,69.72802254,5882.385626
291.2,68.9288475,5885.502747
291.3,67.9298787,5888.584143
291.4,66.73111613,5891.62088
291.5,65.3325598,5894.604028
291.6,63.93400348,5897.524655
291.7,62.53544715,5900.38276
291.8,61.33668459,5903.178345
291.9,60.33771578,5905.92034
292,59.7383345,5908.617677
292.1,59.33874698,5911.28822
292.2,59.13895322,5913.940899
292.3,58.93915946,5916.584647
292.4,58.93915946,5919.219463
292.5,58.93915946,5921.854279
292.6,58.93915946,5924.489095
292.7,58.93915946,5927.123912
292.8,58.93915946,5929.758728
292.9,59.13895322,5932.393544
293,59.53854074,5935.037292
293.1,59.93812826,5937.698903
293.2,60.33771578,5940.378377
293.3,60.7373033,5943.075714
293.4,60.93709707,5945.790914
293.5,60.93709707,5948.515046
293.6,60.93709707,5951.239178
293.7,61.13689083,5953.96331
293.8,61.33668459,5956.696374
293.9,61.73627211,5959.438369
294,62.33565339,5962.198227
294.1,63.13482843,5964.98488
294.2,63.73420972,5967.80726
294.3,64.53338476,5970.656434
294.4,65.13276604,5973.541334
294.5,65.73214733,5976.45303
294.6,66.13173485,5979.391519
294.7,66.53132237,5982.347873
294.8,66.73111613,5985.322089
294.9,66.93090989,5988.305237
295,67.13070365,5991.297316
295.1,67.33049741,5994.298327
295.2,67.53029117,5997.308269
295.3,67.73008493,6000.327144
295.4,68.12967246,6003.354949
295.5,68.32946622,6006.400618
295.6,68.52925998,6009.455219
295.7,68.72905374,6012.518751
295.8,69.12864126,6015.591214
295.9,69.32843502,6018.681541
296,69.52822878,6021.780799
296.1,69.9278163,6024.888989
296.2,70.32740383,6028.015043
296.3,70.52719759,6031.158959
296.4,70.72699135,6034.311807
296.5,70.92678511,6037.473586
296.6,70.92678511,6040.644297
296.7,70.92678511,6043.815008
296.8,70.92678511,6046.985719
296.9,70.92678511,6050.15643
297,70.72699135,6053.327141
297.1,70.52719759,6056.48892
297.2,70.32740383,6059.641768
297.3,70.12761007,6062.785685
297.4,69.9278163,6065.920669
297.5,69.9278163,6069.046722
297.6,69.9278163,6072.172775
297.7,69.72802254,6075.298829
297.8,69.52822878,6078.41595
297.9,69.32843502,6081.52414
298,69.12864126,6084.623398
298.1,68.9288475,6087.713725
298.2,68.9288475,6090.79512
298.3,68.9288475,6093.876516
298.4,68.9288475,6096.957911
298.5,68.9288475,6100.039306
298.6,68.9288475,6103.120701
298.7,68.9288475,6106.202096
298.8,68.9288475,6109.283492
298.9,68.9288475,6112.364887
299,68.9288475,6115.446282
299.1,69.12864126,6118.527677
299.2,69.32843502,6121.618004
299.3,69.52822878,6124.717262
299.4,69.72802254,6127.825452
299.5,69.9278163,6130.942574
299.6,69.9278163,6134.068627
299.7,69.72802254,6137.19468
299.8,69.52822878,6140.311801
299.9,69.32843502,6143.419991
300,69.12864126,6146.51925
300.1,68.9288475,6149.609577
300.2,68.9288475,6152.690972
300.3,68.9288475,6155.772367
300.4,68.9288475,6158.853762
300.5,68.9288475,6161.935157
300.6,69.12864126,6165.016553
300.7,69.32843502,6168.106879
300.8,69.52822878,6171.206138
300.9,69.72802254,6174.314328
301,69.9278163,6177.431449
301.1,69.9278163,6180.557502
301.2,69.9278163,6183.683555
301.3,69.9278163,6186.809608
301.4,69.9278163,6189.935662
301.5,69.9278163,6193.061715
301.6,70.12761007,6196.187768
301.7,70.52719759,6199.322752
301.8,70.92678511,6202.4756
301.9,71.32637263,6205.646311
302,71.72596015,6208.834885
302.1,71.92575391,6212.041323
302.2,71.92575391,6215.256692
302.3,71.92575391,6218.472061
302.4,71.92575391,6221.687429
302.5,71.92575391,6224.902798
302.6,71.92575391,6228.118167
302.7,71.92575391,6231.333536
302.8,71.92575391,6234.548905
302.9,71.92575391,6237.764274
303,71.92575391,6240.979643
303.1,71.92575391,6244.195012
303.2,71.92575391,6247.410381
303.3,72.12554767,6250.62575
303.4,72.32534143,6253.85005
303.5,72.5251352,6257.083282
303.6,72.72492896,6260.325446
303.7,72.92472272,6263.576541
303.8,72.92472272,6266.836568
303.9,72.92472272,6270.096595
304,72.92472272,6273.356621
304.1,72.92472272,6276.616648
304.2,72.92472272,6279.876675
304.3,72.92472272,6283.136702
304.4,72.92472272,6286.396729
304.5,72.92472272,6289.656755
304.6,72.92472272,6292.916782
304.7,73.12451648,6296.176809
304.8,73.524104,6299.445767
304.9,74.12348528,6302.732589
305,74.92266033,6306.046205
305.1,75.72183537,6309.395548
305.2,76.32121665,6312.780617
305.3,76.72080417,6316.19248
305.4,76.92059793,6319.622207
305.5,76.92059793,6323.060866
305.6,76.92059793,6326.499524
305.7,76.72080417,6329.938182
305.8,76.52101041,6333.367909
305.9,76.32121665,6336.788705
306,75.92162913,6340.200568
306.1,75.52204161,6343.594569
306.2,75.32224785,6346.970706
306.3,75.12245409,6350.337912
306.4,74.92266033,6353.696186
306.5,74.92266033,6357.045529
306.6,74.92266033,6360.394871
306.7,74.92266033,6363.744214
306.8,74.92266033,6367.093556
306.9,74.72286657,6370.442899
307,74.32327904,6373.78331
307.1,73.92369152,6377.105858
307.2,73.524104,6380.410543
307.3,73.12451648,6383.697364
307.4,72.92472272,6386.966323
307.5,72.92472272,6390.226349
307.6,72.92472272,6393.486376
307.7,72.92472272,6396.746403
307.8,72.92472272,6400.00643
307.9,72.92472272,6403.266457
308,72.92472272,6406.526483
308.1,73.12451648,6409.78651
308.2,73.32431024,6413.055469
308.3,73.524104,6416.333359
308.4,73.72389776,6419.62018
308.5,73.92369152,6422.915933
308.6,74.12348528,6426.220618
308.7,74.32327904,6429.534234
308.8,74.72286657,6432.856782
308.9,75.12245409,6436.197193
309,75.52204161,6439.555467
309.1,75.72183537,6442.931605
309.2,75.92162913,6446.316674
309.3,75.92162913,6449.710674
309.4,75.92162913,6453.104675
309.5,75.92162913,6456.498675
309.6,75.92162913,6459.892676
309.7,75.92162913,6463.286676
309.8,75.92162913,6466.680677
309.9,75.92162913,6470.074677
310,75.92162913,6473.468678
310.1,75.72183537,6476.862678
310.2,75.52204161,6480.247747
310.3,75.32224785,6483.623884
310.4,75.12245409,6486.99109
310.5,74.92266033,6490.349364
310.6,74.92266033,6493.698707
310.7,75.12245409,6497.04805
310.8,75.32224785,6500.406324
310.9,75.52204161,6503.77353
311,75.72183537,6507.149667
311.1,75.72183537,6510.534736
311.2,75.32224785,6513.919805
311.3,74.5230728,6517.287011
311.4,73.524104,6520.61849
311.5,72.5251352,6523.905312
311.6,71.72596015,6527.147475
311.7,71.12657887,6530.353913
311.8,70.72699135,6533.533555
311.9,70.52719759,6536.695335
312,70.32740383,6539.848182
312.1,70.12761007,6542.992099
312.2,70.12761007,6546.127083
312.3,70.32740383,6549.262068
312.4,70.52719759,6552.405984
312.5,70.72699135,6555.558832
312.6,70.92678511,6558.720612
312.7,70.92678511,6561.891323
312.8,70.92678511,6565.062034
312.9,70.31003046,6568.232745
313,69.07652115,6571.375884
313.1,67.22625719,6574.463881
313.2,64.75923858,6577.469164
313.3,61.67546531,6580.364161
313.4,58.59169205,6583.121301
313.5,55.50791878,6585.740584
313.6,52.42414552,6588.22201
313.7,49.34037225,6590.565579
313.8,46.25659898,6592.771291
313.9,43.17282572,6594.839146
314,40.08905245,6596.769144
314.1,37.00527919,6598.561285
314.2,33.92150592,6600.215569
314.3,30.83773266,6601.731996
314.4,27.75395939,6603.110566
314.5,24.67018612,6604.351279
314.6,21.58641286,6605.454135
314.7,18.50263959,6606.419134
314.8,15.41886633,6607.246276
314.9,12.33509306,6607.935561
315,9.251319797,6608.486989
315.1,6.167546531,6608.90056
315.2,3.700527919,6609.176274
315.3,1.850263959,6609.341702
315.4,0.616754653,6609.424416
315.5,0,6609.451988
315.6,0,6609.451988
315.7,0,6609.451988
315.8,0,6609.451988
315.9,0,6609.451988
316,0,6609.451988
316.1,0,6609.451988
316.2,0,6609.451988
316.3,0,6609.451988
316.4,0,6609.451988
316.5,0,6609.451988
316.6,0,6609.451988
316.7,0,6609.451988
316.8,0,6609.451988
316.9,0,6609.451988
317,0,6609.451988
317.1,0,6609.451988
317.2,0,6609.451988
317.3,0,6609.451988
317.4,0,6609.451988
317.5,0,6609.451988
317.6,0,6609.451988
317.7,0,6609.451988
317.8,0,6609.451988
317.9,0,6609.451988
318,0,6609.451988
318.1,0,6609.451988
318.2,0,6609.451988
